experience_rcd,experience_work,experience_rcd_only,experience_corporate,academic_institution,experience_non_academic_rcd,education,education_field_arts,education_field_computer,education_field_engineering,education_field_ljbe,education_field_life,education_field_math,education_field_earth,education_field_physical,education_field_social,education_field_other,education_field_count,education_field_sochum,education_related
3,11,FALSE,FALSE,TRUE,FALSE,Master's Degree,FALSE,FALSE,FALSE,FALSE,TRUE,FALSE,FALSE,FALSE,FALSE,FALSE,1,FALSE,Slightly related
6,7,FALSE,FALSE,TRUE,FALSE,Master's Degree,FALSE,FALSE,FALSE,FALSE,FALSE,FALSE,FALSE,TRUE,FALSE,FALSE,1,FALSE,Not at all related
4,19,FALSE,FALSE,TRUE,FALSE,PhD or Doctorate,FALSE,FALSE,FALSE,FALSE,FALSE,FALSE,FALSE,TRUE,FALSE,FALSE,1,FALSE,Slightly related
7,30,FALSE,TRUE,TRUE,FALSE,Master's Degree,FALSE,TRUE,FALSE,TRUE,FALSE,FALSE,FALSE,FALSE,FALSE,FALSE,2,TRUE,Extremely related
3,24,FALSE,TRUE,TRUE,FALSE,Bachelor's Degree,TRUE,FALSE,FALSE,FALSE,FALSE,FALSE,FALSE,FALSE,FALSE,FALSE,1,TRUE,Not at all related
2,28,FALSE,TRUE,FALSE,FALSE,Master's Degree,FALSE,TRUE,FALSE,FALSE,FALSE,FALSE,FALSE,FALSE,FALSE,FALSE,1,FALSE,Moderately related
9,13,FALSE,FALSE,TRUE,FALSE,PhD or Doctorate,FALSE,FALSE,FALSE,FALSE,FALSE,TRUE,FALSE,TRUE,FALSE,FALSE,2,FALSE,Very related
9,9,TRUE,FALSE,TRUE,FALSE,Master's Degree,FALSE,TRUE,FALSE,FALSE,FALSE,TRUE,FALSE,FALSE,FALSE,FALSE,2,FALSE,Slightly related
25,27,FALSE,FALSE,TRUE,FALSE,Master's Degree,FALSE,TRUE,TRUE,FALSE,TRUE,FALSE,FALSE,FALSE,FALSE,FALSE,3,FALSE,Moderately related
20,20,TRUE,FALSE,TRUE,FALSE,Master's Degree,FALSE,FALSE,TRUE,FALSE,FALSE,FALSE,FALSE,FALSE,FALSE,FALSE,1,FALSE,Moderately related
8,10,FALSE,FALSE,TRUE,FALSE,PhD or Doctorate,TRUE,FALSE,FALSE,FALSE,TRUE,FALSE,FALSE,FALSE,FALSE,FALSE,2,TRUE,Extremely related
13,18,FALSE,FALSE,TRUE,FALSE,Master's Degree,FALSE,FALSE,FALSE,FALSE,TRUE,FALSE,FALSE,FALSE,FALSE,FALSE,1,FALSE,Moderately related
15,18,FALSE,TRUE,TRUE,FALSE,PhD or Doctorate,FALSE,TRUE,FALSE,FALSE,FALSE,FALSE,FALSE,FALSE,FALSE,FALSE,1,FALSE,Very related
0,21,FALSE,TRUE,TRUE,FALSE,PhD or Doctorate,FALSE,FALSE,FALSE,FALSE,TRUE,FALSE,FALSE,FALSE,FALSE,FALSE,1,FALSE,Moderately related
2,10,FALSE,FALSE,TRUE,FALSE,PhD or Doctorate,FALSE,FALSE,FALSE,FALSE,FALSE,FALSE,FALSE,TRUE,FALSE,FALSE,1,FALSE,Very related
3,5,FALSE,TRUE,TRUE,FALSE,Master's Degree,FALSE,FALSE,FALSE,FALSE,FALSE,FALSE,FALSE,TRUE,FALSE,FALSE,1,FALSE,Slightly related
1,25,FALSE,TRUE,TRUE,FALSE,PhD or Doctorate,FALSE,FALSE,FALSE,FALSE,FALSE,FALSE,FALSE,TRUE,FALSE,FALSE,1,FALSE,Extremely related
13,23,FALSE,TRUE,FALSE,FALSE,Master's Degree,FALSE,TRUE,FALSE,FALSE,FALSE,FALSE,FALSE,FALSE,FALSE,FALSE,1,FALSE,Extremely related
3,5,FALSE,TRUE,TRUE,FALSE,No Bachelor's Degree,FALSE,FALSE,FALSE,FALSE,FALSE,FALSE,FALSE,TRUE,FALSE,FALSE,1,FALSE,Moderately related
9,19,FALSE,FALSE,TRUE,FALSE,Bachelor's Degree,FALSE,TRUE,FALSE,FALSE,FALSE,FALSE,FALSE,FALSE,FALSE,FALSE,1,FALSE,Slightly related
10,14,FALSE,TRUE,TRUE,FALSE,PhD or Doctorate,FALSE,FALSE,FALSE,FALSE,TRUE,FALSE,FALSE,FALSE,FALSE,FALSE,1,FALSE,Extremely related
37,50,FALSE,TRUE,TRUE,FALSE,PhD or Doctorate,FALSE,TRUE,FALSE,FALSE,FALSE,FALSE,FALSE,FALSE,TRUE,FALSE,2,TRUE,Extremely related
4,9,FALSE,FALSE,TRUE,FALSE,PhD or Doctorate,FALSE,FALSE,FALSE,FALSE,TRUE,FALSE,FALSE,FALSE,FALSE,FALSE,1,FALSE,Moderately related
9,9,TRUE,TRUE,TRUE,FALSE,Bachelor's Degree,FALSE,FALSE,TRUE,FALSE,FALSE,FALSE,FALSE,FALSE,FALSE,FALSE,1,FALSE,Slightly related
21,21,TRUE,FALSE,NA,FALSE,Master's Degree,FALSE,TRUE,TRUE,FALSE,FALSE,FALSE,FALSE,FALSE,FALSE,FALSE,2,FALSE,Extremely related
3,15,FALSE,FALSE,TRUE,FALSE,PhD or Doctorate,FALSE,FALSE,FALSE,FALSE,FALSE,FALSE,FALSE,TRUE,FALSE,FALSE,1,FALSE,Very related
33,33,TRUE,FALSE,TRUE,FALSE,PhD or Doctorate,FALSE,FALSE,FALSE,FALSE,TRUE,FALSE,FALSE,FALSE,FALSE,TRUE,2,FALSE,Extremely related
3,15,FALSE,TRUE,TRUE,FALSE,Bachelor's Degree,FALSE,FALSE,TRUE,FALSE,FALSE,FALSE,FALSE,FALSE,FALSE,FALSE,1,FALSE,Slightly related
35,35,TRUE,FALSE,TRUE,FALSE,Master's Degree,FALSE,FALSE,FALSE,FALSE,FALSE,FALSE,FALSE,TRUE,FALSE,FALSE,1,FALSE,Not at all related
23,40,FALSE,TRUE,TRUE,FALSE,Master's Degree,FALSE,FALSE,FALSE,FALSE,FALSE,FALSE,FALSE,FALSE,TRUE,FALSE,1,TRUE,Very related
14,26,FALSE,FALSE,TRUE,FALSE,Master's Degree,FALSE,FALSE,FALSE,FALSE,FALSE,FALSE,FALSE,FALSE,FALSE,FALSE,0,TRUE,Extremely related
40,40,TRUE,TRUE,TRUE,TRUE,PhD or Doctorate,FALSE,FALSE,FALSE,FALSE,FALSE,FALSE,FALSE,TRUE,FALSE,FALSE,1,FALSE,Very related
8,14,FALSE,TRUE,TRUE,FALSE,PhD or Doctorate,FALSE,FALSE,FALSE,FALSE,FALSE,TRUE,FALSE,FALSE,FALSE,FALSE,1,FALSE,Extremely related
38,47,FALSE,FALSE,TRUE,FALSE,Bachelor's Degree,FALSE,FALSE,FALSE,FALSE,FALSE,FALSE,FALSE,TRUE,FALSE,FALSE,1,FALSE,Slightly related
6,23,FALSE,FALSE,TRUE,FALSE,Master's Degree,TRUE,TRUE,FALSE,FALSE,FALSE,FALSE,FALSE,FALSE,TRUE,FALSE,3,TRUE,Moderately related
21,30,FALSE,FALSE,TRUE,TRUE,PhD or Doctorate,FALSE,FALSE,FALSE,FALSE,TRUE,FALSE,FALSE,FALSE,FALSE,FALSE,1,FALSE,Very related
3,12,FALSE,TRUE,FALSE,TRUE,Master's Degree,FALSE,TRUE,FALSE,FALSE,FALSE,FALSE,TRUE,FALSE,FALSE,FALSE,2,FALSE,Extremely related
7,7,TRUE,FALSE,TRUE,TRUE,PhD or Doctorate,FALSE,FALSE,FALSE,FALSE,FALSE,FALSE,FALSE,FALSE,TRUE,FALSE,1,TRUE,Moderately related
8,12,FALSE,TRUE,TRUE,FALSE,PhD or Doctorate,FALSE,FALSE,TRUE,FALSE,FALSE,FALSE,FALSE,FALSE,FALSE,FALSE,1,FALSE,Slightly related
2,2,TRUE,FALSE,TRUE,FALSE,Master's Degree,FALSE,TRUE,FALSE,FALSE,FALSE,FALSE,FALSE,FALSE,TRUE,FALSE,2,TRUE,Extremely related
10,47,FALSE,TRUE,TRUE,FALSE,Master's Degree,FALSE,TRUE,FALSE,FALSE,FALSE,FALSE,FALSE,TRUE,FALSE,FALSE,2,FALSE,Very related
19,25,FALSE,TRUE,TRUE,FALSE,Bachelor's Degree,FALSE,FALSE,TRUE,FALSE,FALSE,FALSE,FALSE,FALSE,FALSE,FALSE,1,FALSE,Slightly related
16,31,FALSE,TRUE,TRUE,FALSE,PhD or Doctorate,FALSE,TRUE,FALSE,FALSE,FALSE,FALSE,FALSE,FALSE,FALSE,FALSE,1,FALSE,Extremely related
15,42,FALSE,TRUE,FALSE,FALSE,Bachelor's Degree,FALSE,FALSE,FALSE,TRUE,FALSE,FALSE,FALSE,FALSE,FALSE,FALSE,1,TRUE,Very related
21,21,TRUE,FALSE,TRUE,FALSE,PhD or Doctorate,FALSE,FALSE,FALSE,FALSE,FALSE,FALSE,FALSE,TRUE,FALSE,FALSE,1,FALSE,Moderately related
23,28,FALSE,TRUE,TRUE,FALSE,Bachelor's Degree,FALSE,FALSE,FALSE,FALSE,FALSE,FALSE,FALSE,TRUE,FALSE,FALSE,1,FALSE,Not at all related
5,12,FALSE,FALSE,TRUE,FALSE,PhD or Doctorate,FALSE,FALSE,FALSE,FALSE,TRUE,FALSE,FALSE,FALSE,FALSE,FALSE,1,FALSE,Moderately related
1,5,FALSE,TRUE,TRUE,FALSE,No Bachelor's Degree,FALSE,TRUE,TRUE,FALSE,FALSE,FALSE,FALSE,FALSE,FALSE,FALSE,2,FALSE,Very related
0,6,FALSE,FALSE,TRUE,FALSE,Bachelor's Degree,TRUE,FALSE,FALSE,FALSE,FALSE,FALSE,FALSE,FALSE,FALSE,FALSE,1,TRUE,Slightly related
2,10,FALSE,FALSE,TRUE,FALSE,PhD or Doctorate,FALSE,TRUE,TRUE,FALSE,FALSE,FALSE,FALSE,FALSE,FALSE,FALSE,2,FALSE,Very related
3,26,FALSE,FALSE,TRUE,FALSE,No Bachelor's Degree,TRUE,TRUE,FALSE,FALSE,FALSE,FALSE,FALSE,FALSE,FALSE,FALSE,2,TRUE,Moderately related
NA,NA,NA,FALSE,NA,NA,NA,FALSE,FALSE,FALSE,FALSE,FALSE,FALSE,FALSE,FALSE,FALSE,FALSE,0,FALSE,NA
18,18,TRUE,FALSE,TRUE,FALSE,Bachelor's Degree,FALSE,TRUE,FALSE,FALSE,FALSE,FALSE,FALSE,FALSE,FALSE,FALSE,1,FALSE,Extremely related
6,8,FALSE,TRUE,TRUE,TRUE,Master's Degree,FALSE,FALSE,FALSE,FALSE,FALSE,TRUE,FALSE,TRUE,FALSE,FALSE,2,FALSE,Moderately related
19,27,FALSE,FALSE,FALSE,TRUE,PhD or Doctorate,FALSE,TRUE,TRUE,FALSE,FALSE,FALSE,FALSE,FALSE,FALSE,FALSE,2,FALSE,Very related
10,16,FALSE,TRUE,TRUE,TRUE,Bachelor's Degree,FALSE,FALSE,TRUE,FALSE,FALSE,FALSE,FALSE,FALSE,FALSE,FALSE,1,FALSE,Moderately related
0,0,NA,TRUE,TRUE,FALSE,No Bachelor's Degree,TRUE,FALSE,FALSE,FALSE,FALSE,FALSE,FALSE,FALSE,TRUE,FALSE,2,TRUE,Very related
6,25,FALSE,TRUE,TRUE,FALSE,Master's Degree,TRUE,FALSE,FALSE,FALSE,FALSE,FALSE,FALSE,FALSE,FALSE,FALSE,1,TRUE,Moderately related
10,40,FALSE,FALSE,TRUE,FALSE,PhD or Doctorate,FALSE,FALSE,FALSE,FALSE,TRUE,FALSE,FALSE,FALSE,FALSE,FALSE,1,FALSE,Very related
6,21,FALSE,FALSE,FALSE,FALSE,Master's Degree,TRUE,FALSE,FALSE,FALSE,FALSE,FALSE,FALSE,FALSE,FALSE,FALSE,1,TRUE,Moderately related
1,1,TRUE,FALSE,TRUE,FALSE,PhD or Doctorate,FALSE,FALSE,TRUE,FALSE,FALSE,FALSE,FALSE,FALSE,FALSE,FALSE,1,FALSE,Very related
2,17,FALSE,FALSE,TRUE,FALSE,Master's Degree,FALSE,TRUE,FALSE,FALSE,FALSE,FALSE,FALSE,FALSE,FALSE,FALSE,1,FALSE,Extremely related
7,8,FALSE,FALSE,TRUE,FALSE,Master's Degree,FALSE,FALSE,FALSE,FALSE,FALSE,FALSE,FALSE,FALSE,TRUE,FALSE,1,TRUE,Very related
11,18,FALSE,TRUE,TRUE,FALSE,PhD or Doctorate,FALSE,TRUE,TRUE,FALSE,FALSE,FALSE,FALSE,FALSE,FALSE,FALSE,2,FALSE,Very related
20,27,FALSE,FALSE,TRUE,FALSE,PhD or Doctorate,FALSE,TRUE,FALSE,FALSE,FALSE,FALSE,FALSE,FALSE,FALSE,FALSE,1,FALSE,Extremely related
8,8,TRUE,FALSE,TRUE,FALSE,PhD or Doctorate,FALSE,FALSE,FALSE,FALSE,TRUE,FALSE,FALSE,FALSE,FALSE,FALSE,1,FALSE,Extremely related
1,1,TRUE,FALSE,FALSE,TRUE,Bachelor's Degree,FALSE,TRUE,FALSE,FALSE,FALSE,FALSE,FALSE,FALSE,FALSE,FALSE,1,FALSE,Extremely related
10,15,FALSE,TRUE,TRUE,FALSE,Master's Degree,FALSE,TRUE,FALSE,FALSE,FALSE,FALSE,FALSE,FALSE,FALSE,FALSE,1,FALSE,Very related
13,13,TRUE,FALSE,NA,FALSE,PhD or Doctorate,FALSE,TRUE,FALSE,FALSE,FALSE,FALSE,FALSE,FALSE,FALSE,FALSE,1,FALSE,Extremely related
15,25,FALSE,FALSE,TRUE,FALSE,Master's Degree,FALSE,TRUE,FALSE,FALSE,FALSE,FALSE,FALSE,FALSE,FALSE,FALSE,1,FALSE,Very related
25,30,FALSE,TRUE,TRUE,FALSE,Bachelor's Degree,FALSE,TRUE,FALSE,FALSE,FALSE,FALSE,FALSE,FALSE,FALSE,FALSE,1,FALSE,Moderately related
10,10,TRUE,TRUE,NA,FALSE,Master's Degree,FALSE,TRUE,TRUE,FALSE,FALSE,FALSE,FALSE,FALSE,FALSE,FALSE,2,FALSE,Moderately related
1,31,FALSE,FALSE,TRUE,FALSE,Bachelor's Degree,FALSE,FALSE,TRUE,FALSE,FALSE,FALSE,FALSE,FALSE,FALSE,FALSE,1,FALSE,Slightly related
6,6,TRUE,TRUE,TRUE,FALSE,PhD or Doctorate,FALSE,FALSE,FALSE,FALSE,FALSE,FALSE,FALSE,TRUE,FALSE,FALSE,1,FALSE,Moderately related
13,20,FALSE,TRUE,TRUE,FALSE,PhD or Doctorate,FALSE,FALSE,FALSE,FALSE,FALSE,FALSE,FALSE,TRUE,FALSE,FALSE,1,FALSE,Very related
4,11,FALSE,FALSE,TRUE,TRUE,Bachelor's Degree,FALSE,FALSE,FALSE,FALSE,FALSE,FALSE,FALSE,FALSE,TRUE,FALSE,1,TRUE,Moderately related
14,45,FALSE,TRUE,TRUE,FALSE,Bachelor's Degree,TRUE,FALSE,FALSE,FALSE,FALSE,FALSE,FALSE,FALSE,FALSE,FALSE,1,TRUE,Not at all related
6,24,FALSE,FALSE,TRUE,FALSE,Master's Degree,TRUE,TRUE,FALSE,FALSE,FALSE,FALSE,FALSE,FALSE,FALSE,FALSE,2,TRUE,Moderately related
1,10,FALSE,FALSE,TRUE,FALSE,Master's Degree,TRUE,FALSE,FALSE,FALSE,FALSE,TRUE,FALSE,FALSE,FALSE,FALSE,2,TRUE,Extremely related
1,40,FALSE,TRUE,TRUE,FALSE,Bachelor's Degree,TRUE,FALSE,FALSE,FALSE,FALSE,FALSE,FALSE,FALSE,FALSE,FALSE,1,TRUE,Slightly related
13,37,FALSE,TRUE,TRUE,TRUE,Master's Degree,FALSE,FALSE,FALSE,FALSE,TRUE,FALSE,FALSE,FALSE,FALSE,FALSE,1,FALSE,Extremely related
19,22,FALSE,FALSE,TRUE,FALSE,Bachelor's Degree,FALSE,TRUE,FALSE,FALSE,FALSE,FALSE,FALSE,TRUE,FALSE,FALSE,2,FALSE,Very related
17,30,FALSE,TRUE,TRUE,FALSE,Master's Degree,FALSE,FALSE,FALSE,FALSE,FALSE,FALSE,FALSE,FALSE,TRUE,FALSE,1,TRUE,Slightly related
8,17,FALSE,FALSE,NA,TRUE,Master's Degree,FALSE,TRUE,TRUE,FALSE,FALSE,FALSE,FALSE,FALSE,FALSE,FALSE,2,FALSE,Very related
5,10,FALSE,FALSE,NA,TRUE,Bachelor's Degree,FALSE,TRUE,FALSE,FALSE,FALSE,TRUE,FALSE,FALSE,FALSE,FALSE,2,FALSE,Moderately related
20,20,TRUE,FALSE,NA,FALSE,PhD or Doctorate,FALSE,TRUE,TRUE,FALSE,FALSE,FALSE,FALSE,FALSE,FALSE,FALSE,2,FALSE,Extremely related
20,25,FALSE,FALSE,TRUE,FALSE,Bachelor's Degree,FALSE,FALSE,FALSE,FALSE,FALSE,TRUE,FALSE,TRUE,FALSE,FALSE,2,FALSE,Moderately related
18,18,TRUE,TRUE,FALSE,TRUE,PhD or Doctorate,FALSE,FALSE,TRUE,FALSE,FALSE,FALSE,FALSE,FALSE,FALSE,FALSE,1,FALSE,Moderately related
22,22,TRUE,FALSE,TRUE,FALSE,PhD or Doctorate,FALSE,TRUE,FALSE,FALSE,FALSE,FALSE,FALSE,TRUE,FALSE,FALSE,2,FALSE,Moderately related
2,2,TRUE,FALSE,TRUE,FALSE,PhD or Doctorate,FALSE,FALSE,TRUE,FALSE,FALSE,FALSE,FALSE,FALSE,FALSE,FALSE,1,FALSE,Moderately related
3,11,FALSE,FALSE,TRUE,FALSE,PhD or Doctorate,FALSE,FALSE,FALSE,FALSE,TRUE,FALSE,FALSE,FALSE,FALSE,FALSE,1,FALSE,Very related
10,21,FALSE,FALSE,TRUE,FALSE,PhD or Doctorate,FALSE,FALSE,FALSE,FALSE,TRUE,FALSE,FALSE,FALSE,FALSE,FALSE,1,FALSE,Moderately related
17,17,TRUE,FALSE,TRUE,FALSE,Master's Degree,FALSE,TRUE,FALSE,FALSE,FALSE,FALSE,FALSE,FALSE,FALSE,FALSE,1,FALSE,Moderately related
32,38,FALSE,TRUE,FALSE,FALSE,Bachelor's Degree,FALSE,TRUE,FALSE,FALSE,FALSE,FALSE,FALSE,FALSE,FALSE,FALSE,1,FALSE,Moderately related
5,5,TRUE,FALSE,TRUE,FALSE,PhD or Doctorate,FALSE,FALSE,FALSE,FALSE,TRUE,FALSE,FALSE,FALSE,FALSE,FALSE,1,FALSE,Very related
3,3,TRUE,FALSE,TRUE,FALSE,PhD or Doctorate,FALSE,FALSE,FALSE,FALSE,TRUE,FALSE,FALSE,FALSE,FALSE,FALSE,1,FALSE,Moderately related
10,25,FALSE,TRUE,NA,FALSE,PhD or Doctorate,FALSE,FALSE,FALSE,FALSE,TRUE,FALSE,FALSE,FALSE,FALSE,FALSE,1,FALSE,Slightly related
22,35,FALSE,TRUE,TRUE,FALSE,Bachelor's Degree,FALSE,TRUE,FALSE,FALSE,FALSE,FALSE,FALSE,FALSE,FALSE,FALSE,1,FALSE,Extremely related
31,33,FALSE,TRUE,TRUE,FALSE,PhD or Doctorate,FALSE,FALSE,FALSE,FALSE,TRUE,FALSE,FALSE,FALSE,FALSE,FALSE,1,FALSE,Extremely related
32,36,FALSE,TRUE,NA,TRUE,PhD or Doctorate,FALSE,FALSE,FALSE,FALSE,TRUE,FALSE,FALSE,FALSE,FALSE,FALSE,1,FALSE,Slightly related
35,40,FALSE,TRUE,FALSE,TRUE,PhD or Doctorate,FALSE,FALSE,FALSE,FALSE,FALSE,FALSE,FALSE,TRUE,FALSE,FALSE,1,FALSE,Moderately related
2,12,FALSE,FALSE,TRUE,FALSE,Master's Degree,FALSE,FALSE,FALSE,FALSE,FALSE,TRUE,FALSE,FALSE,FALSE,FALSE,1,FALSE,Slightly related
4,45,FALSE,TRUE,TRUE,FALSE,Master's Degree,FALSE,TRUE,FALSE,FALSE,FALSE,FALSE,FALSE,TRUE,FALSE,FALSE,2,FALSE,Very related
2,25,FALSE,TRUE,TRUE,FALSE,Bachelor's Degree,TRUE,TRUE,FALSE,FALSE,FALSE,FALSE,FALSE,FALSE,FALSE,FALSE,2,TRUE,Not at all related
2,22,FALSE,FALSE,TRUE,FALSE,PhD or Doctorate,FALSE,FALSE,FALSE,FALSE,FALSE,FALSE,FALSE,FALSE,TRUE,FALSE,1,TRUE,Moderately related
15,25,FALSE,TRUE,NA,FALSE,PhD or Doctorate,FALSE,TRUE,TRUE,TRUE,FALSE,FALSE,FALSE,FALSE,FALSE,FALSE,3,TRUE,Moderately related
2,3,FALSE,TRUE,TRUE,TRUE,PhD or Doctorate,FALSE,FALSE,FALSE,FALSE,FALSE,FALSE,FALSE,TRUE,FALSE,FALSE,1,FALSE,Moderately related
9,40,FALSE,TRUE,NA,TRUE,Master's Degree,FALSE,TRUE,FALSE,FALSE,FALSE,FALSE,FALSE,FALSE,FALSE,FALSE,1,FALSE,Very related
6,22,FALSE,TRUE,TRUE,FALSE,PhD or Doctorate,FALSE,FALSE,FALSE,FALSE,TRUE,FALSE,FALSE,FALSE,FALSE,FALSE,1,FALSE,Very related
21,25,FALSE,TRUE,TRUE,TRUE,Bachelor's Degree,FALSE,TRUE,FALSE,FALSE,FALSE,FALSE,FALSE,FALSE,FALSE,FALSE,1,FALSE,Extremely related
21,21,TRUE,FALSE,TRUE,FALSE,PhD or Doctorate,FALSE,TRUE,TRUE,FALSE,FALSE,FALSE,FALSE,TRUE,FALSE,FALSE,3,FALSE,Very related
15,25,FALSE,TRUE,TRUE,FALSE,Bachelor's Degree,FALSE,FALSE,FALSE,FALSE,FALSE,FALSE,FALSE,FALSE,FALSE,FALSE,0,FALSE,Slightly related
14,35,FALSE,TRUE,TRUE,FALSE,Bachelor's Degree,FALSE,TRUE,FALSE,FALSE,FALSE,FALSE,FALSE,FALSE,FALSE,FALSE,1,FALSE,Moderately related
36,36,TRUE,FALSE,NA,FALSE,PhD or Doctorate,FALSE,TRUE,FALSE,FALSE,FALSE,FALSE,FALSE,FALSE,FALSE,FALSE,1,FALSE,Very related
15,23,FALSE,FALSE,TRUE,FALSE,Master's Degree,FALSE,FALSE,FALSE,FALSE,FALSE,TRUE,FALSE,TRUE,FALSE,FALSE,2,FALSE,Moderately related
5,42,FALSE,TRUE,TRUE,FALSE,Master's Degree,TRUE,FALSE,FALSE,FALSE,FALSE,FALSE,FALSE,TRUE,FALSE,FALSE,2,TRUE,Slightly related
6,2,TRUE,FALSE,TRUE,TRUE,Master's Degree,FALSE,FALSE,FALSE,FALSE,FALSE,FALSE,TRUE,FALSE,FALSE,FALSE,1,FALSE,Moderately related
35,46,FALSE,FALSE,TRUE,FALSE,Bachelor's Degree,FALSE,FALSE,FALSE,FALSE,FALSE,TRUE,FALSE,FALSE,FALSE,FALSE,1,FALSE,Very related
2,12,FALSE,FALSE,TRUE,FALSE,Master's Degree,FALSE,FALSE,FALSE,FALSE,FALSE,FALSE,FALSE,FALSE,TRUE,FALSE,1,TRUE,Slightly related
1,1,TRUE,FALSE,TRUE,FALSE,PhD or Doctorate,FALSE,FALSE,FALSE,FALSE,TRUE,FALSE,FALSE,FALSE,FALSE,FALSE,1,FALSE,Very related
18,35,FALSE,TRUE,TRUE,FALSE,PhD or Doctorate,FALSE,FALSE,FALSE,FALSE,TRUE,FALSE,FALSE,FALSE,FALSE,FALSE,1,FALSE,Slightly related
3,5,FALSE,FALSE,TRUE,FALSE,Bachelor's Degree,FALSE,TRUE,FALSE,FALSE,FALSE,FALSE,FALSE,FALSE,TRUE,FALSE,2,TRUE,Very related
20,30,FALSE,TRUE,TRUE,FALSE,Master's Degree,FALSE,TRUE,FALSE,FALSE,FALSE,FALSE,FALSE,FALSE,FALSE,FALSE,1,FALSE,Extremely related
19,21,FALSE,TRUE,TRUE,FALSE,Bachelor's Degree,FALSE,TRUE,FALSE,FALSE,FALSE,FALSE,FALSE,FALSE,FALSE,FALSE,1,FALSE,Slightly related
11,8,TRUE,TRUE,TRUE,TRUE,Bachelor's Degree,TRUE,TRUE,FALSE,FALSE,FALSE,FALSE,FALSE,FALSE,FALSE,FALSE,2,TRUE,Moderately related
6,16,FALSE,FALSE,TRUE,FALSE,Bachelor's Degree,FALSE,FALSE,FALSE,FALSE,TRUE,FALSE,FALSE,FALSE,FALSE,FALSE,1,FALSE,Not at all related
30,30,TRUE,TRUE,TRUE,TRUE,PhD or Doctorate,FALSE,TRUE,FALSE,FALSE,FALSE,FALSE,FALSE,FALSE,FALSE,FALSE,1,FALSE,Extremely related
15,NA,NA,FALSE,TRUE,NA,Master's Degree,FALSE,TRUE,TRUE,FALSE,FALSE,TRUE,FALSE,FALSE,FALSE,FALSE,3,FALSE,Extremely related
10,10,TRUE,FALSE,TRUE,FALSE,PhD or Doctorate,FALSE,TRUE,TRUE,FALSE,FALSE,FALSE,FALSE,FALSE,FALSE,FALSE,2,FALSE,Very related
9,18,FALSE,FALSE,TRUE,FALSE,PhD or Doctorate,FALSE,FALSE,FALSE,FALSE,FALSE,TRUE,FALSE,FALSE,FALSE,FALSE,1,FALSE,Extremely related
9,17,FALSE,TRUE,TRUE,TRUE,PhD or Doctorate,TRUE,TRUE,FALSE,FALSE,FALSE,FALSE,FALSE,FALSE,FALSE,FALSE,2,TRUE,Extremely related
7,8,FALSE,FALSE,TRUE,FALSE,Master's Degree,FALSE,TRUE,FALSE,FALSE,FALSE,FALSE,FALSE,FALSE,FALSE,FALSE,1,FALSE,Extremely related
2,15,FALSE,FALSE,TRUE,FALSE,Master's Degree,FALSE,TRUE,FALSE,FALSE,FALSE,FALSE,FALSE,FALSE,FALSE,FALSE,1,FALSE,Extremely related
5,5,TRUE,FALSE,FALSE,FALSE,Master's Degree,FALSE,FALSE,FALSE,FALSE,TRUE,FALSE,FALSE,FALSE,FALSE,FALSE,1,FALSE,Extremely related
10,30,FALSE,TRUE,TRUE,FALSE,Master's Degree,FALSE,FALSE,FALSE,FALSE,FALSE,TRUE,FALSE,FALSE,FALSE,FALSE,1,FALSE,Moderately related
15,22,FALSE,TRUE,FALSE,TRUE,PhD or Doctorate,FALSE,FALSE,FALSE,FALSE,FALSE,TRUE,FALSE,TRUE,FALSE,FALSE,2,FALSE,Very related
2,26,FALSE,FALSE,TRUE,FALSE,Bachelor's Degree,FALSE,TRUE,FALSE,FALSE,FALSE,FALSE,FALSE,FALSE,FALSE,FALSE,1,FALSE,Very related
15,25,FALSE,FALSE,TRUE,FALSE,Master's Degree,FALSE,TRUE,FALSE,TRUE,FALSE,FALSE,FALSE,FALSE,FALSE,FALSE,2,TRUE,Moderately related
6,6,TRUE,FALSE,TRUE,FALSE,Master's Degree,FALSE,TRUE,FALSE,FALSE,FALSE,FALSE,FALSE,FALSE,FALSE,FALSE,1,FALSE,Moderately related
1,19,FALSE,FALSE,TRUE,FALSE,Bachelor's Degree,FALSE,TRUE,FALSE,FALSE,FALSE,FALSE,FALSE,FALSE,FALSE,FALSE,1,FALSE,Moderately related
1,1,TRUE,FALSE,NA,FALSE,Bachelor's Degree,FALSE,TRUE,FALSE,FALSE,FALSE,FALSE,FALSE,FALSE,FALSE,FALSE,1,FALSE,Very related
20,26,FALSE,TRUE,TRUE,FALSE,Bachelor's Degree,FALSE,TRUE,FALSE,FALSE,FALSE,TRUE,FALSE,FALSE,FALSE,FALSE,2,FALSE,Moderately related
3,6,FALSE,FALSE,TRUE,FALSE,PhD or Doctorate,FALSE,FALSE,FALSE,FALSE,TRUE,FALSE,FALSE,FALSE,FALSE,FALSE,1,FALSE,Moderately related
29,33,FALSE,TRUE,TRUE,TRUE,PhD or Doctorate,FALSE,TRUE,FALSE,FALSE,FALSE,FALSE,FALSE,FALSE,FALSE,FALSE,1,FALSE,Extremely related
15,26,FALSE,TRUE,TRUE,FALSE,PhD or Doctorate,FALSE,FALSE,FALSE,FALSE,TRUE,FALSE,FALSE,FALSE,FALSE,FALSE,1,FALSE,Slightly related
2,25,FALSE,TRUE,TRUE,FALSE,Bachelor's Degree,FALSE,FALSE,TRUE,FALSE,FALSE,FALSE,FALSE,FALSE,FALSE,FALSE,1,FALSE,Slightly related
35,35,TRUE,FALSE,TRUE,FALSE,Master's Degree,FALSE,FALSE,FALSE,FALSE,FALSE,FALSE,FALSE,FALSE,TRUE,FALSE,1,TRUE,Slightly related
11,43,FALSE,FALSE,TRUE,FALSE,PhD or Doctorate,FALSE,FALSE,FALSE,FALSE,FALSE,FALSE,FALSE,TRUE,FALSE,FALSE,1,FALSE,Moderately related
30,35,FALSE,TRUE,TRUE,TRUE,PhD or Doctorate,FALSE,TRUE,FALSE,FALSE,FALSE,FALSE,FALSE,FALSE,FALSE,FALSE,1,FALSE,Extremely related
2,10,FALSE,TRUE,TRUE,FALSE,Master's Degree,TRUE,TRUE,FALSE,FALSE,FALSE,FALSE,FALSE,FALSE,FALSE,FALSE,2,TRUE,Very related
14,14,TRUE,FALSE,TRUE,TRUE,Bachelor's Degree,FALSE,TRUE,FALSE,FALSE,FALSE,FALSE,FALSE,FALSE,FALSE,FALSE,1,FALSE,Moderately related
NA,NA,NA,FALSE,NA,NA,NA,FALSE,FALSE,FALSE,FALSE,FALSE,FALSE,FALSE,FALSE,FALSE,FALSE,0,FALSE,NA
15,15,TRUE,FALSE,TRUE,TRUE,Master's Degree,FALSE,FALSE,TRUE,FALSE,FALSE,TRUE,FALSE,FALSE,FALSE,FALSE,2,FALSE,Slightly related
32,40,FALSE,TRUE,TRUE,FALSE,Master's Degree,FALSE,FALSE,FALSE,FALSE,FALSE,FALSE,FALSE,FALSE,TRUE,FALSE,1,TRUE,Very related
2,3,FALSE,TRUE,TRUE,FALSE,Bachelor's Degree,FALSE,TRUE,FALSE,FALSE,FALSE,TRUE,FALSE,FALSE,FALSE,FALSE,2,FALSE,Very related
18,18,TRUE,FALSE,TRUE,FALSE,Master's Degree,FALSE,TRUE,FALSE,FALSE,FALSE,FALSE,FALSE,FALSE,FALSE,FALSE,1,FALSE,Slightly related
9,10,FALSE,TRUE,FALSE,TRUE,PhD or Doctorate,FALSE,FALSE,TRUE,FALSE,FALSE,FALSE,FALSE,TRUE,FALSE,FALSE,2,FALSE,Moderately related
35,35,TRUE,FALSE,TRUE,FALSE,PhD or Doctorate,FALSE,FALSE,FALSE,FALSE,FALSE,FALSE,FALSE,TRUE,FALSE,FALSE,1,FALSE,Extremely related
NA,NA,NA,TRUE,NA,NA,PhD or Doctorate,FALSE,TRUE,FALSE,FALSE,FALSE,FALSE,FALSE,FALSE,FALSE,FALSE,1,FALSE,Extremely related
10,25,FALSE,TRUE,TRUE,FALSE,Bachelor's Degree,FALSE,TRUE,FALSE,FALSE,FALSE,FALSE,FALSE,FALSE,FALSE,FALSE,1,FALSE,Very related
17,27,FALSE,FALSE,TRUE,FALSE,Bachelor's Degree,TRUE,FALSE,FALSE,FALSE,FALSE,FALSE,FALSE,FALSE,FALSE,FALSE,1,TRUE,Not at all related
16,27,FALSE,TRUE,FALSE,TRUE,Bachelor's Degree,FALSE,TRUE,FALSE,FALSE,FALSE,FALSE,FALSE,FALSE,FALSE,FALSE,1,FALSE,Extremely related
3,28,FALSE,TRUE,TRUE,FALSE,Bachelor's Degree,FALSE,FALSE,FALSE,FALSE,FALSE,FALSE,FALSE,FALSE,FALSE,FALSE,0,TRUE,Moderately related
36,41,FALSE,FALSE,TRUE,TRUE,PhD or Doctorate,FALSE,FALSE,FALSE,FALSE,TRUE,FALSE,FALSE,FALSE,FALSE,FALSE,1,FALSE,Extremely related
1,11,FALSE,TRUE,TRUE,FALSE,Bachelor's Degree,FALSE,TRUE,FALSE,FALSE,FALSE,FALSE,FALSE,FALSE,FALSE,FALSE,1,FALSE,Moderately related
14,14,TRUE,FALSE,TRUE,FALSE,Bachelor's Degree,FALSE,FALSE,TRUE,FALSE,FALSE,FALSE,FALSE,FALSE,FALSE,FALSE,1,FALSE,Moderately related
15,15,TRUE,FALSE,TRUE,FALSE,Master's Degree,FALSE,TRUE,FALSE,FALSE,FALSE,FALSE,FALSE,FALSE,FALSE,FALSE,1,FALSE,Very related
17,10,TRUE,FALSE,FALSE,TRUE,Master's Degree,FALSE,TRUE,TRUE,FALSE,FALSE,FALSE,FALSE,FALSE,FALSE,FALSE,2,FALSE,Very related
9,18,FALSE,FALSE,FALSE,FALSE,PhD or Doctorate,FALSE,FALSE,FALSE,FALSE,TRUE,FALSE,FALSE,TRUE,FALSE,FALSE,2,FALSE,Moderately related
3,6,FALSE,FALSE,TRUE,FALSE,PhD or Doctorate,FALSE,FALSE,FALSE,FALSE,TRUE,FALSE,FALSE,FALSE,FALSE,FALSE,1,FALSE,Very related
10,16,FALSE,FALSE,TRUE,FALSE,PhD or Doctorate,FALSE,FALSE,FALSE,FALSE,TRUE,FALSE,FALSE,FALSE,FALSE,FALSE,1,FALSE,Very related
21,35,FALSE,TRUE,TRUE,FALSE,Master's Degree,TRUE,TRUE,FALSE,FALSE,FALSE,FALSE,FALSE,FALSE,FALSE,FALSE,2,TRUE,Moderately related
10,10,TRUE,FALSE,TRUE,FALSE,Master's Degree,FALSE,TRUE,FALSE,FALSE,FALSE,FALSE,FALSE,FALSE,FALSE,FALSE,1,FALSE,Extremely related
13,17,FALSE,FALSE,TRUE,FALSE,PhD or Doctorate,FALSE,FALSE,TRUE,FALSE,FALSE,FALSE,FALSE,FALSE,FALSE,FALSE,1,FALSE,Moderately related
20,20,TRUE,FALSE,TRUE,FALSE,Master's Degree,TRUE,FALSE,FALSE,TRUE,FALSE,FALSE,FALSE,FALSE,FALSE,FALSE,2,TRUE,Moderately related
20,26,FALSE,FALSE,TRUE,FALSE,PhD or Doctorate,FALSE,FALSE,TRUE,FALSE,FALSE,FALSE,FALSE,FALSE,FALSE,FALSE,1,FALSE,Moderately related
20,23,FALSE,TRUE,TRUE,FALSE,Bachelor's Degree,FALSE,FALSE,FALSE,FALSE,FALSE,FALSE,FALSE,TRUE,FALSE,FALSE,1,FALSE,Not at all related
1,14,FALSE,TRUE,TRUE,FALSE,Bachelor's Degree,TRUE,FALSE,FALSE,FALSE,FALSE,FALSE,FALSE,FALSE,FALSE,FALSE,1,TRUE,Not at all related
26,31,FALSE,FALSE,NA,FALSE,Master's Degree,FALSE,FALSE,FALSE,FALSE,FALSE,FALSE,FALSE,TRUE,FALSE,FALSE,1,FALSE,Slightly related
18,35,FALSE,FALSE,TRUE,FALSE,PhD or Doctorate,FALSE,FALSE,FALSE,FALSE,FALSE,FALSE,FALSE,TRUE,FALSE,FALSE,1,FALSE,Moderately related
10,22,FALSE,FALSE,TRUE,FALSE,Master's Degree,FALSE,FALSE,TRUE,FALSE,FALSE,FALSE,FALSE,FALSE,FALSE,FALSE,1,FALSE,Slightly related
1,1,TRUE,FALSE,TRUE,FALSE,Bachelor's Degree,FALSE,TRUE,FALSE,FALSE,FALSE,FALSE,FALSE,FALSE,FALSE,FALSE,1,FALSE,Very related
12,28,FALSE,FALSE,FALSE,FALSE,PhD or Doctorate,FALSE,FALSE,FALSE,FALSE,TRUE,FALSE,FALSE,FALSE,FALSE,FALSE,1,FALSE,Extremely related
20,31,FALSE,TRUE,FALSE,TRUE,Master's Degree,TRUE,FALSE,FALSE,FALSE,FALSE,FALSE,FALSE,FALSE,FALSE,FALSE,1,TRUE,Not at all related
2,20,FALSE,TRUE,TRUE,FALSE,PhD or Doctorate,TRUE,TRUE,FALSE,FALSE,FALSE,FALSE,FALSE,FALSE,FALSE,FALSE,2,TRUE,Moderately related
12,25,FALSE,TRUE,NA,FALSE,Bachelor's Degree,FALSE,FALSE,FALSE,FALSE,FALSE,FALSE,FALSE,FALSE,FALSE,TRUE,1,FALSE,Slightly related
1,25,FALSE,TRUE,TRUE,FALSE,Bachelor's Degree,FALSE,TRUE,FALSE,FALSE,FALSE,FALSE,FALSE,FALSE,FALSE,FALSE,1,FALSE,Extremely related
9,19,FALSE,TRUE,TRUE,FALSE,PhD or Doctorate,FALSE,TRUE,FALSE,FALSE,FALSE,FALSE,FALSE,TRUE,FALSE,FALSE,2,FALSE,Moderately related
13,18,FALSE,TRUE,TRUE,FALSE,PhD or Doctorate,FALSE,FALSE,FALSE,FALSE,FALSE,FALSE,FALSE,TRUE,FALSE,FALSE,1,FALSE,Slightly related
22,26,FALSE,TRUE,TRUE,FALSE,Bachelor's Degree,FALSE,FALSE,FALSE,FALSE,FALSE,FALSE,TRUE,FALSE,FALSE,FALSE,1,FALSE,Not at all related
4,8,FALSE,TRUE,TRUE,FALSE,Master's Degree,FALSE,TRUE,TRUE,FALSE,FALSE,FALSE,FALSE,FALSE,FALSE,FALSE,2,FALSE,Very related
8,17,FALSE,TRUE,TRUE,FALSE,PhD or Doctorate,FALSE,FALSE,FALSE,FALSE,FALSE,TRUE,FALSE,FALSE,FALSE,FALSE,1,FALSE,Moderately related
22,27,FALSE,TRUE,TRUE,TRUE,Bachelor's Degree,FALSE,TRUE,FALSE,FALSE,FALSE,FALSE,FALSE,FALSE,FALSE,FALSE,1,FALSE,Very related
15,15,TRUE,FALSE,TRUE,FALSE,Bachelor's Degree,FALSE,FALSE,TRUE,FALSE,FALSE,FALSE,FALSE,FALSE,FALSE,FALSE,1,FALSE,Slightly related
20,30,FALSE,TRUE,TRUE,FALSE,Bachelor's Degree,FALSE,FALSE,FALSE,TRUE,FALSE,FALSE,FALSE,FALSE,FALSE,FALSE,1,TRUE,Slightly related
2,14,FALSE,TRUE,TRUE,FALSE,No Bachelor's Degree,FALSE,TRUE,FALSE,FALSE,FALSE,FALSE,FALSE,FALSE,FALSE,FALSE,1,FALSE,Very related
14,14,TRUE,TRUE,TRUE,TRUE,Master's Degree,FALSE,TRUE,FALSE,FALSE,FALSE,FALSE,FALSE,FALSE,FALSE,FALSE,1,FALSE,Extremely related
6,12,FALSE,TRUE,NA,FALSE,PhD or Doctorate,FALSE,TRUE,TRUE,FALSE,TRUE,TRUE,FALSE,FALSE,FALSE,FALSE,4,FALSE,Moderately related
5,15,FALSE,TRUE,NA,TRUE,Bachelor's Degree,FALSE,TRUE,FALSE,FALSE,FALSE,FALSE,FALSE,FALSE,FALSE,FALSE,1,FALSE,Moderately related
31,NA,NA,TRUE,FALSE,NA,Bachelor's Degree,FALSE,TRUE,FALSE,FALSE,FALSE,FALSE,FALSE,FALSE,FALSE,FALSE,1,FALSE,Very related
20,21,FALSE,TRUE,FALSE,TRUE,PhD or Doctorate,FALSE,FALSE,FALSE,FALSE,FALSE,FALSE,FALSE,TRUE,FALSE,FALSE,1,FALSE,Moderately related
NA,NA,NA,FALSE,NA,NA,NA,FALSE,FALSE,FALSE,FALSE,FALSE,FALSE,FALSE,FALSE,FALSE,FALSE,0,FALSE,NA
24,24,TRUE,TRUE,TRUE,FALSE,Master's Degree,FALSE,TRUE,FALSE,FALSE,FALSE,TRUE,FALSE,FALSE,FALSE,FALSE,2,FALSE,Extremely related
38,47,FALSE,FALSE,TRUE,FALSE,Bachelor's Degree,FALSE,FALSE,FALSE,FALSE,FALSE,FALSE,FALSE,TRUE,FALSE,FALSE,1,FALSE,Moderately related
7,17,FALSE,FALSE,TRUE,TRUE,PhD or Doctorate,FALSE,FALSE,TRUE,FALSE,FALSE,FALSE,FALSE,FALSE,FALSE,FALSE,1,FALSE,Moderately related
16,26,FALSE,TRUE,TRUE,FALSE,Bachelor's Degree,FALSE,FALSE,FALSE,FALSE,FALSE,FALSE,FALSE,TRUE,TRUE,FALSE,2,TRUE,Moderately related
6,6,TRUE,FALSE,TRUE,FALSE,PhD or Doctorate,FALSE,FALSE,FALSE,FALSE,FALSE,FALSE,FALSE,TRUE,FALSE,FALSE,1,FALSE,Slightly related
2,5,FALSE,TRUE,TRUE,FALSE,Master's Degree,FALSE,TRUE,TRUE,FALSE,FALSE,TRUE,FALSE,FALSE,FALSE,FALSE,3,FALSE,Extremely related
0,3,FALSE,TRUE,TRUE,FALSE,Bachelor's Degree,FALSE,FALSE,TRUE,FALSE,FALSE,FALSE,FALSE,FALSE,FALSE,FALSE,1,FALSE,Extremely related
23,23,TRUE,FALSE,TRUE,TRUE,Master's Degree,FALSE,FALSE,FALSE,FALSE,FALSE,FALSE,FALSE,TRUE,FALSE,FALSE,1,FALSE,Moderately related
2,2,TRUE,FALSE,TRUE,FALSE,Master's Degree,FALSE,FALSE,FALSE,TRUE,FALSE,FALSE,FALSE,FALSE,FALSE,FALSE,1,TRUE,Not at all related
20,20,TRUE,FALSE,TRUE,FALSE,PhD or Doctorate,FALSE,FALSE,FALSE,FALSE,FALSE,FALSE,FALSE,TRUE,FALSE,FALSE,1,FALSE,Moderately related
23,23,TRUE,FALSE,TRUE,FALSE,Bachelor's Degree,FALSE,FALSE,FALSE,FALSE,FALSE,FALSE,FALSE,TRUE,FALSE,FALSE,1,FALSE,Not at all related
20,27,FALSE,TRUE,TRUE,FALSE,Master's Degree,FALSE,FALSE,FALSE,FALSE,FALSE,TRUE,FALSE,FALSE,FALSE,FALSE,1,FALSE,Extremely related
19,22,FALSE,FALSE,TRUE,TRUE,Master's Degree,FALSE,FALSE,FALSE,FALSE,TRUE,FALSE,FALSE,FALSE,FALSE,FALSE,1,FALSE,Moderately related
3,3,TRUE,TRUE,TRUE,FALSE,Bachelor's Degree,FALSE,FALSE,FALSE,FALSE,FALSE,TRUE,FALSE,FALSE,FALSE,FALSE,1,FALSE,Slightly related
20,20,TRUE,TRUE,FALSE,TRUE,Master's Degree,FALSE,FALSE,TRUE,FALSE,FALSE,FALSE,FALSE,FALSE,FALSE,FALSE,1,FALSE,Very related
5,5,TRUE,FALSE,TRUE,FALSE,PhD or Doctorate,TRUE,FALSE,FALSE,FALSE,FALSE,FALSE,FALSE,FALSE,FALSE,FALSE,1,TRUE,Not at all related
11,21,FALSE,TRUE,FALSE,TRUE,Bachelor's Degree,FALSE,FALSE,FALSE,FALSE,TRUE,FALSE,FALSE,FALSE,FALSE,FALSE,1,FALSE,Slightly related
4,12,FALSE,FALSE,TRUE,FALSE,Master's Degree,TRUE,TRUE,FALSE,FALSE,FALSE,FALSE,FALSE,FALSE,FALSE,FALSE,2,TRUE,Very related
25,50,FALSE,TRUE,TRUE,TRUE,PhD or Doctorate,FALSE,FALSE,FALSE,FALSE,FALSE,TRUE,FALSE,FALSE,FALSE,FALSE,1,FALSE,Very related
6,21,FALSE,TRUE,TRUE,FALSE,Bachelor's Degree,FALSE,TRUE,FALSE,FALSE,FALSE,FALSE,FALSE,FALSE,FALSE,FALSE,1,FALSE,Moderately related
1,12,FALSE,TRUE,TRUE,FALSE,Bachelor's Degree,FALSE,FALSE,FALSE,FALSE,FALSE,FALSE,FALSE,TRUE,FALSE,FALSE,1,FALSE,Moderately related
9,9,TRUE,FALSE,TRUE,FALSE,PhD or Doctorate,FALSE,FALSE,FALSE,FALSE,FALSE,FALSE,FALSE,TRUE,FALSE,FALSE,1,FALSE,Slightly related
17,18,FALSE,TRUE,FALSE,TRUE,Master's Degree,FALSE,TRUE,TRUE,FALSE,FALSE,FALSE,FALSE,FALSE,FALSE,FALSE,2,FALSE,Extremely related
23,25,FALSE,FALSE,TRUE,FALSE,Master's Degree,FALSE,TRUE,TRUE,FALSE,FALSE,FALSE,FALSE,FALSE,FALSE,FALSE,2,FALSE,Slightly related
2,6,FALSE,FALSE,TRUE,FALSE,Master's Degree,FALSE,FALSE,FALSE,FALSE,FALSE,FALSE,FALSE,FALSE,TRUE,FALSE,1,TRUE,Moderately related
14,14,TRUE,FALSE,TRUE,FALSE,PhD or Doctorate,FALSE,FALSE,FALSE,FALSE,FALSE,TRUE,FALSE,FALSE,FALSE,FALSE,1,FALSE,Extremely related
6,34,FALSE,TRUE,FALSE,TRUE,Master's Degree,FALSE,FALSE,FALSE,TRUE,FALSE,FALSE,FALSE,TRUE,FALSE,FALSE,2,TRUE,Moderately related
24,31,FALSE,TRUE,FALSE,TRUE,PhD or Doctorate,FALSE,FALSE,TRUE,FALSE,FALSE,FALSE,FALSE,FALSE,FALSE,FALSE,1,FALSE,Extremely related
1,3,FALSE,TRUE,TRUE,FALSE,PhD or Doctorate,FALSE,FALSE,FALSE,FALSE,TRUE,FALSE,FALSE,FALSE,FALSE,FALSE,1,FALSE,Extremely related
12,13,FALSE,TRUE,TRUE,FALSE,PhD or Doctorate,FALSE,FALSE,FALSE,FALSE,FALSE,FALSE,FALSE,TRUE,FALSE,FALSE,1,FALSE,Very related
5,24,FALSE,TRUE,FALSE,FALSE,Bachelor's Degree,FALSE,TRUE,TRUE,FALSE,FALSE,FALSE,FALSE,FALSE,FALSE,FALSE,2,FALSE,Very related
3,13,FALSE,TRUE,TRUE,FALSE,PhD or Doctorate,FALSE,FALSE,FALSE,FALSE,FALSE,FALSE,FALSE,TRUE,FALSE,FALSE,1,FALSE,Slightly related
23,31,FALSE,TRUE,TRUE,TRUE,PhD or Doctorate,FALSE,FALSE,FALSE,FALSE,FALSE,FALSE,FALSE,FALSE,TRUE,FALSE,1,TRUE,Very related
10,42,FALSE,TRUE,TRUE,FALSE,Master's Degree,FALSE,TRUE,FALSE,FALSE,FALSE,FALSE,FALSE,FALSE,TRUE,FALSE,2,TRUE,Extremely related
7,15,FALSE,TRUE,TRUE,FALSE,Master's Degree,FALSE,TRUE,FALSE,FALSE,FALSE,FALSE,FALSE,FALSE,TRUE,FALSE,2,TRUE,Extremely related
6,11,FALSE,FALSE,TRUE,FALSE,PhD or Doctorate,FALSE,FALSE,FALSE,FALSE,FALSE,FALSE,FALSE,TRUE,FALSE,FALSE,1,FALSE,Moderately related
10,24,FALSE,FALSE,TRUE,FALSE,PhD or Doctorate,FALSE,TRUE,FALSE,FALSE,FALSE,FALSE,FALSE,TRUE,FALSE,FALSE,2,FALSE,Very related
28,34,FALSE,TRUE,TRUE,TRUE,Bachelor's Degree,FALSE,FALSE,TRUE,FALSE,FALSE,FALSE,FALSE,FALSE,FALSE,FALSE,1,FALSE,Very related
21,46,FALSE,TRUE,FALSE,FALSE,Bachelor's Degree,TRUE,FALSE,FALSE,FALSE,FALSE,FALSE,FALSE,FALSE,FALSE,FALSE,1,TRUE,Slightly related
7,13,FALSE,TRUE,TRUE,FALSE,Bachelor's Degree,FALSE,FALSE,TRUE,FALSE,FALSE,FALSE,FALSE,FALSE,FALSE,FALSE,1,FALSE,Moderately related
2,8,FALSE,FALSE,NA,FALSE,PhD or Doctorate,FALSE,TRUE,FALSE,FALSE,FALSE,TRUE,FALSE,TRUE,FALSE,FALSE,3,FALSE,Extremely related
10,29,FALSE,TRUE,FALSE,TRUE,Bachelor's Degree,TRUE,TRUE,TRUE,FALSE,FALSE,FALSE,FALSE,FALSE,FALSE,FALSE,3,TRUE,Moderately related
25,25,TRUE,FALSE,TRUE,FALSE,Bachelor's Degree,FALSE,FALSE,TRUE,FALSE,FALSE,FALSE,FALSE,FALSE,FALSE,FALSE,1,FALSE,Very related
3,16,FALSE,TRUE,FALSE,FALSE,Master's Degree,FALSE,TRUE,FALSE,FALSE,FALSE,FALSE,FALSE,FALSE,FALSE,FALSE,1,FALSE,Very related
6,10,FALSE,FALSE,TRUE,FALSE,PhD or Doctorate,FALSE,FALSE,TRUE,FALSE,FALSE,FALSE,FALSE,FALSE,FALSE,FALSE,1,FALSE,Slightly related
12,12,TRUE,TRUE,FALSE,TRUE,PhD or Doctorate,FALSE,FALSE,FALSE,FALSE,FALSE,FALSE,FALSE,TRUE,FALSE,FALSE,1,FALSE,Very related
5,13,FALSE,TRUE,TRUE,FALSE,Master's Degree,FALSE,TRUE,FALSE,FALSE,FALSE,FALSE,FALSE,FALSE,FALSE,FALSE,1,FALSE,Extremely related
36,39,FALSE,FALSE,NA,FALSE,PhD or Doctorate,FALSE,TRUE,FALSE,FALSE,FALSE,FALSE,FALSE,FALSE,FALSE,FALSE,1,FALSE,Very related
4,5,FALSE,FALSE,TRUE,FALSE,No Bachelor's Degree,FALSE,TRUE,FALSE,FALSE,FALSE,FALSE,FALSE,FALSE,FALSE,FALSE,1,FALSE,Moderately related
24,24,TRUE,TRUE,TRUE,TRUE,Master's Degree,FALSE,TRUE,FALSE,FALSE,FALSE,FALSE,FALSE,FALSE,FALSE,FALSE,1,FALSE,Very related
3,4,FALSE,FALSE,TRUE,FALSE,Bachelor's Degree,FALSE,TRUE,FALSE,FALSE,FALSE,FALSE,FALSE,FALSE,FALSE,FALSE,1,FALSE,Extremely related
7,7,TRUE,TRUE,TRUE,FALSE,Bachelor's Degree,FALSE,FALSE,TRUE,FALSE,FALSE,FALSE,FALSE,FALSE,FALSE,FALSE,1,FALSE,Slightly related
3,10,FALSE,FALSE,TRUE,FALSE,PhD or Doctorate,FALSE,TRUE,FALSE,FALSE,FALSE,TRUE,FALSE,FALSE,FALSE,FALSE,2,FALSE,Very related
18,30,FALSE,TRUE,TRUE,FALSE,Master's Degree,FALSE,TRUE,FALSE,FALSE,FALSE,FALSE,FALSE,FALSE,FALSE,FALSE,1,FALSE,Extremely related
1,16,FALSE,TRUE,TRUE,FALSE,PhD or Doctorate,FALSE,FALSE,TRUE,FALSE,FALSE,FALSE,FALSE,FALSE,FALSE,FALSE,1,FALSE,Very related
1,5,FALSE,FALSE,TRUE,FALSE,Master's Degree,FALSE,FALSE,FALSE,FALSE,FALSE,TRUE,FALSE,FALSE,FALSE,FALSE,1,FALSE,Moderately related
30,30,TRUE,FALSE,TRUE,FALSE,Master's Degree,FALSE,TRUE,FALSE,FALSE,FALSE,FALSE,FALSE,FALSE,FALSE,FALSE,1,FALSE,Very related
25,29,FALSE,TRUE,FALSE,FALSE,Bachelor's Degree,FALSE,FALSE,FALSE,FALSE,FALSE,TRUE,FALSE,FALSE,FALSE,FALSE,1,FALSE,Slightly related
17,20,FALSE,FALSE,TRUE,FALSE,Master's Degree,FALSE,TRUE,TRUE,FALSE,FALSE,FALSE,FALSE,FALSE,FALSE,FALSE,2,FALSE,Extremely related
11,15,FALSE,FALSE,TRUE,FALSE,PhD or Doctorate,FALSE,FALSE,FALSE,FALSE,FALSE,FALSE,FALSE,TRUE,FALSE,FALSE,1,FALSE,Extremely related
5,10,FALSE,FALSE,TRUE,FALSE,Bachelor's Degree,FALSE,TRUE,FALSE,FALSE,FALSE,FALSE,FALSE,FALSE,FALSE,FALSE,1,FALSE,Moderately related
6,10,FALSE,FALSE,NA,TRUE,PhD or Doctorate,FALSE,FALSE,FALSE,FALSE,FALSE,FALSE,FALSE,TRUE,FALSE,FALSE,1,FALSE,Moderately related
3,35,FALSE,FALSE,TRUE,FALSE,Master's Degree,FALSE,TRUE,FALSE,FALSE,FALSE,FALSE,FALSE,FALSE,FALSE,FALSE,1,FALSE,Moderately related
NA,NA,NA,FALSE,NA,NA,NA,FALSE,FALSE,FALSE,FALSE,FALSE,FALSE,FALSE,FALSE,FALSE,FALSE,0,FALSE,NA
24,34,FALSE,TRUE,FALSE,TRUE,Master's Degree,FALSE,FALSE,FALSE,FALSE,FALSE,TRUE,FALSE,TRUE,FALSE,FALSE,2,FALSE,Very related
20,23,FALSE,FALSE,TRUE,FALSE,Master's Degree,FALSE,TRUE,FALSE,FALSE,FALSE,FALSE,FALSE,FALSE,FALSE,FALSE,1,FALSE,Very related
5,40,FALSE,TRUE,TRUE,TRUE,Master's Degree,TRUE,TRUE,FALSE,FALSE,FALSE,FALSE,FALSE,FALSE,FALSE,FALSE,2,TRUE,Moderately related
40,44,FALSE,TRUE,TRUE,TRUE,Bachelor's Degree,FALSE,TRUE,FALSE,FALSE,FALSE,FALSE,FALSE,FALSE,FALSE,FALSE,1,FALSE,Extremely related
9,26,FALSE,TRUE,TRUE,FALSE,Bachelor's Degree,FALSE,FALSE,TRUE,FALSE,FALSE,FALSE,FALSE,FALSE,FALSE,FALSE,1,FALSE,Moderately related
12,25,FALSE,TRUE,FALSE,TRUE,Master's Degree,FALSE,TRUE,FALSE,FALSE,FALSE,FALSE,FALSE,FALSE,FALSE,FALSE,1,FALSE,Very related
9,9,TRUE,FALSE,TRUE,FALSE,PhD or Doctorate,FALSE,FALSE,FALSE,FALSE,TRUE,FALSE,FALSE,FALSE,FALSE,FALSE,1,FALSE,Moderately related
30,40,FALSE,TRUE,TRUE,TRUE,Master's Degree,FALSE,TRUE,FALSE,FALSE,FALSE,FALSE,FALSE,FALSE,FALSE,FALSE,1,FALSE,Very related
46,46,TRUE,TRUE,TRUE,TRUE,PhD or Doctorate,FALSE,TRUE,FALSE,FALSE,FALSE,FALSE,FALSE,FALSE,FALSE,FALSE,1,FALSE,Extremely related
15,30,FALSE,FALSE,TRUE,FALSE,Master's Degree,FALSE,FALSE,FALSE,FALSE,TRUE,FALSE,FALSE,FALSE,FALSE,FALSE,1,FALSE,Moderately related
13,13,TRUE,FALSE,TRUE,FALSE,Master's Degree,TRUE,FALSE,FALSE,FALSE,FALSE,FALSE,FALSE,FALSE,FALSE,FALSE,1,TRUE,Not at all related
7,7,TRUE,FALSE,TRUE,FALSE,Bachelor's Degree,FALSE,TRUE,FALSE,FALSE,FALSE,FALSE,FALSE,FALSE,FALSE,FALSE,1,FALSE,Moderately related
21,21,TRUE,FALSE,NA,FALSE,Master's Degree,FALSE,FALSE,FALSE,FALSE,FALSE,FALSE,FALSE,TRUE,FALSE,FALSE,1,FALSE,Very related
0,3,FALSE,TRUE,TRUE,FALSE,Bachelor's Degree,FALSE,FALSE,FALSE,FALSE,TRUE,FALSE,FALSE,FALSE,FALSE,FALSE,1,FALSE,Moderately related
1,5,FALSE,FALSE,TRUE,FALSE,No Bachelor's Degree,FALSE,FALSE,FALSE,FALSE,FALSE,FALSE,FALSE,TRUE,FALSE,FALSE,1,FALSE,Moderately related
1,20,FALSE,FALSE,TRUE,FALSE,PhD or Doctorate,FALSE,FALSE,FALSE,FALSE,FALSE,FALSE,FALSE,TRUE,FALSE,FALSE,1,FALSE,Slightly related
3,10,FALSE,TRUE,TRUE,FALSE,Master's Degree,FALSE,FALSE,TRUE,FALSE,FALSE,FALSE,FALSE,TRUE,FALSE,FALSE,2,FALSE,Slightly related
25,25,TRUE,FALSE,TRUE,FALSE,Master's Degree,FALSE,TRUE,FALSE,FALSE,FALSE,FALSE,FALSE,FALSE,FALSE,FALSE,1,FALSE,Very related
12,20,FALSE,TRUE,TRUE,FALSE,Master's Degree,FALSE,TRUE,FALSE,TRUE,FALSE,FALSE,FALSE,TRUE,FALSE,FALSE,3,TRUE,Very related
19,30,FALSE,FALSE,TRUE,FALSE,Master's Degree,FALSE,FALSE,FALSE,FALSE,FALSE,FALSE,FALSE,TRUE,FALSE,FALSE,1,FALSE,Slightly related
6,18,FALSE,FALSE,TRUE,FALSE,Bachelor's Degree,TRUE,FALSE,FALSE,FALSE,FALSE,FALSE,FALSE,FALSE,FALSE,FALSE,1,TRUE,Not at all related
NA,NA,NA,FALSE,TRUE,NA,PhD or Doctorate,TRUE,FALSE,FALSE,FALSE,FALSE,FALSE,FALSE,FALSE,FALSE,FALSE,1,TRUE,Not at all related
3,3,TRUE,TRUE,TRUE,FALSE,Master's Degree,FALSE,TRUE,FALSE,FALSE,FALSE,FALSE,FALSE,FALSE,FALSE,FALSE,1,FALSE,Very related
1,1,TRUE,FALSE,TRUE,FALSE,PhD or Doctorate,FALSE,FALSE,FALSE,FALSE,FALSE,FALSE,FALSE,TRUE,FALSE,FALSE,1,FALSE,Very related
2,25,FALSE,TRUE,TRUE,FALSE,Master's Degree,FALSE,TRUE,FALSE,FALSE,FALSE,FALSE,FALSE,FALSE,FALSE,FALSE,1,FALSE,Moderately related
5,29,FALSE,TRUE,TRUE,FALSE,Bachelor's Degree,TRUE,TRUE,FALSE,FALSE,FALSE,FALSE,FALSE,FALSE,FALSE,FALSE,2,TRUE,Extremely related
23,30,FALSE,TRUE,TRUE,TRUE,PhD or Doctorate,FALSE,TRUE,TRUE,FALSE,FALSE,FALSE,FALSE,FALSE,FALSE,FALSE,2,FALSE,Extremely related
10,11,FALSE,FALSE,TRUE,FALSE,PhD or Doctorate,FALSE,TRUE,FALSE,FALSE,TRUE,FALSE,FALSE,FALSE,FALSE,FALSE,2,FALSE,Slightly related
5,5,TRUE,FALSE,TRUE,FALSE,Master's Degree,FALSE,FALSE,TRUE,FALSE,FALSE,FALSE,FALSE,FALSE,FALSE,FALSE,1,FALSE,Moderately related
8,10,FALSE,TRUE,TRUE,FALSE,Bachelor's Degree,FALSE,TRUE,FALSE,FALSE,FALSE,FALSE,FALSE,FALSE,FALSE,FALSE,1,FALSE,Very related
10,40,FALSE,FALSE,TRUE,FALSE,PhD or Doctorate,FALSE,FALSE,FALSE,FALSE,TRUE,FALSE,FALSE,FALSE,FALSE,FALSE,1,FALSE,Very related
16,16,TRUE,FALSE,TRUE,FALSE,PhD or Doctorate,FALSE,FALSE,FALSE,FALSE,FALSE,FALSE,FALSE,TRUE,FALSE,FALSE,1,FALSE,Slightly related
18,25,FALSE,FALSE,TRUE,FALSE,No Bachelor's Degree,FALSE,TRUE,FALSE,FALSE,FALSE,FALSE,FALSE,FALSE,FALSE,FALSE,1,FALSE,Moderately related
4,9,FALSE,FALSE,FALSE,FALSE,Bachelor's Degree,TRUE,FALSE,FALSE,FALSE,FALSE,FALSE,FALSE,FALSE,FALSE,FALSE,1,TRUE,Slightly related
3,22,FALSE,TRUE,TRUE,FALSE,Master's Degree,TRUE,TRUE,FALSE,TRUE,FALSE,FALSE,FALSE,FALSE,TRUE,FALSE,4,TRUE,Very related
11,14,FALSE,FALSE,FALSE,FALSE,Bachelor's Degree,FALSE,TRUE,FALSE,FALSE,FALSE,FALSE,FALSE,FALSE,FALSE,FALSE,1,FALSE,Extremely related
10,11,FALSE,FALSE,TRUE,FALSE,Master's Degree,FALSE,TRUE,FALSE,FALSE,FALSE,FALSE,FALSE,TRUE,FALSE,FALSE,2,FALSE,Extremely related
9,26,FALSE,TRUE,TRUE,FALSE,Master's Degree,FALSE,TRUE,FALSE,FALSE,FALSE,FALSE,FALSE,TRUE,FALSE,FALSE,2,FALSE,Very related
2,15,FALSE,TRUE,TRUE,FALSE,Bachelor's Degree,FALSE,TRUE,FALSE,FALSE,FALSE,FALSE,FALSE,FALSE,FALSE,FALSE,1,FALSE,Extremely related
5,7,FALSE,FALSE,TRUE,FALSE,PhD or Doctorate,FALSE,FALSE,FALSE,FALSE,TRUE,FALSE,FALSE,FALSE,FALSE,FALSE,1,FALSE,Slightly related
20,30,FALSE,FALSE,TRUE,FALSE,PhD or Doctorate,FALSE,FALSE,FALSE,FALSE,FALSE,FALSE,FALSE,TRUE,FALSE,FALSE,1,FALSE,Moderately related
7,18,FALSE,FALSE,TRUE,FALSE,PhD or Doctorate,FALSE,FALSE,FALSE,FALSE,TRUE,FALSE,FALSE,FALSE,FALSE,FALSE,1,FALSE,Moderately related
12,21,FALSE,TRUE,TRUE,FALSE,Bachelor's Degree,FALSE,TRUE,FALSE,FALSE,FALSE,FALSE,FALSE,FALSE,FALSE,FALSE,1,FALSE,Very related
15,43,FALSE,TRUE,TRUE,FALSE,Master's Degree,FALSE,FALSE,FALSE,FALSE,TRUE,FALSE,FALSE,FALSE,FALSE,FALSE,1,FALSE,Slightly related
0,20,FALSE,FALSE,TRUE,FALSE,PhD or Doctorate,FALSE,TRUE,FALSE,FALSE,FALSE,FALSE,FALSE,FALSE,FALSE,FALSE,1,FALSE,Extremely related
5,7,FALSE,FALSE,TRUE,TRUE,PhD or Doctorate,FALSE,TRUE,FALSE,FALSE,FALSE,FALSE,FALSE,FALSE,FALSE,FALSE,1,FALSE,Extremely related
40,50,FALSE,FALSE,TRUE,TRUE,PhD or Doctorate,FALSE,FALSE,FALSE,FALSE,FALSE,FALSE,FALSE,TRUE,FALSE,FALSE,1,FALSE,Moderately related
9,11,FALSE,TRUE,TRUE,TRUE,PhD or Doctorate,FALSE,TRUE,TRUE,FALSE,FALSE,FALSE,FALSE,FALSE,FALSE,FALSE,2,FALSE,Very related
1,35,FALSE,TRUE,TRUE,FALSE,Master's Degree,FALSE,FALSE,TRUE,FALSE,FALSE,FALSE,FALSE,TRUE,FALSE,FALSE,2,FALSE,Slightly related
9,9,TRUE,TRUE,FALSE,TRUE,Master's Degree,FALSE,TRUE,FALSE,FALSE,FALSE,TRUE,FALSE,FALSE,FALSE,FALSE,2,FALSE,Very related
15,22,FALSE,FALSE,TRUE,FALSE,PhD or Doctorate,FALSE,TRUE,FALSE,FALSE,FALSE,FALSE,FALSE,FALSE,FALSE,FALSE,1,FALSE,Very related
11,16,FALSE,TRUE,TRUE,FALSE,Bachelor's Degree,FALSE,FALSE,FALSE,FALSE,FALSE,FALSE,FALSE,FALSE,TRUE,FALSE,1,TRUE,Extremely related
5,14,FALSE,TRUE,TRUE,FALSE,Master's Degree,FALSE,TRUE,FALSE,FALSE,FALSE,FALSE,FALSE,FALSE,FALSE,FALSE,1,FALSE,Extremely related
3,15,FALSE,FALSE,TRUE,FALSE,PhD or Doctorate,FALSE,FALSE,FALSE,FALSE,FALSE,FALSE,FALSE,TRUE,FALSE,FALSE,1,FALSE,Very related
5,7,FALSE,FALSE,TRUE,FALSE,Master's Degree,FALSE,TRUE,TRUE,FALSE,FALSE,FALSE,FALSE,FALSE,FALSE,FALSE,2,FALSE,Moderately related
12,18,FALSE,FALSE,FALSE,FALSE,PhD or Doctorate,FALSE,TRUE,FALSE,FALSE,TRUE,FALSE,FALSE,FALSE,FALSE,FALSE,2,FALSE,Very related
20,25,FALSE,TRUE,FALSE,FALSE,Bachelor's Degree,TRUE,FALSE,FALSE,FALSE,FALSE,FALSE,FALSE,FALSE,FALSE,FALSE,1,TRUE,Slightly related
3,30,FALSE,TRUE,TRUE,FALSE,Bachelor's Degree,FALSE,FALSE,FALSE,TRUE,FALSE,FALSE,FALSE,FALSE,TRUE,FALSE,2,TRUE,Slightly related
7,47,FALSE,TRUE,TRUE,FALSE,PhD or Doctorate,FALSE,TRUE,FALSE,FALSE,FALSE,TRUE,FALSE,FALSE,FALSE,FALSE,2,FALSE,Extremely related
12,12,TRUE,TRUE,FALSE,NA,Bachelor's Degree,FALSE,TRUE,FALSE,FALSE,TRUE,FALSE,FALSE,FALSE,FALSE,FALSE,2,FALSE,Extremely related
8,10,FALSE,FALSE,FALSE,TRUE,Master's Degree,FALSE,FALSE,FALSE,FALSE,TRUE,FALSE,FALSE,FALSE,FALSE,FALSE,1,FALSE,Very related
25,25,TRUE,FALSE,TRUE,TRUE,PhD or Doctorate,FALSE,FALSE,FALSE,FALSE,FALSE,FALSE,FALSE,TRUE,FALSE,FALSE,1,FALSE,Moderately related
20,34,FALSE,FALSE,TRUE,FALSE,PhD or Doctorate,FALSE,FALSE,FALSE,FALSE,FALSE,TRUE,FALSE,FALSE,FALSE,FALSE,1,FALSE,Extremely related
5,10,FALSE,TRUE,TRUE,FALSE,Master's Degree,FALSE,TRUE,FALSE,FALSE,FALSE,TRUE,FALSE,FALSE,FALSE,FALSE,2,FALSE,Moderately related
16,30,FALSE,TRUE,TRUE,FALSE,Bachelor's Degree,FALSE,TRUE,FALSE,FALSE,FALSE,FALSE,FALSE,FALSE,FALSE,FALSE,1,FALSE,Very related
6,20,FALSE,FALSE,TRUE,FALSE,Master's Degree,FALSE,TRUE,FALSE,FALSE,FALSE,FALSE,FALSE,FALSE,FALSE,FALSE,1,FALSE,Very related
0,1,FALSE,TRUE,TRUE,FALSE,PhD or Doctorate,FALSE,TRUE,TRUE,FALSE,FALSE,FALSE,FALSE,FALSE,FALSE,FALSE,2,FALSE,Very related
7,17,FALSE,TRUE,TRUE,FALSE,PhD or Doctorate,FALSE,TRUE,TRUE,FALSE,FALSE,FALSE,FALSE,FALSE,FALSE,FALSE,2,FALSE,Very related
22,22,TRUE,TRUE,TRUE,TRUE,PhD or Doctorate,FALSE,FALSE,FALSE,FALSE,FALSE,FALSE,FALSE,TRUE,FALSE,FALSE,1,FALSE,Very related
26,30,FALSE,FALSE,FALSE,TRUE,PhD or Doctorate,FALSE,FALSE,FALSE,FALSE,FALSE,FALSE,FALSE,TRUE,FALSE,FALSE,1,FALSE,Slightly related
14,30,FALSE,FALSE,FALSE,TRUE,PhD or Doctorate,FALSE,FALSE,FALSE,FALSE,FALSE,TRUE,FALSE,FALSE,FALSE,FALSE,1,FALSE,Slightly related
1,1,TRUE,FALSE,TRUE,FALSE,No Bachelor's Degree,FALSE,TRUE,FALSE,FALSE,FALSE,FALSE,FALSE,FALSE,FALSE,FALSE,1,FALSE,Extremely related
12,12,TRUE,FALSE,TRUE,FALSE,No Bachelor's Degree,FALSE,TRUE,FALSE,FALSE,FALSE,FALSE,FALSE,FALSE,FALSE,FALSE,1,FALSE,Slightly related
7,13,FALSE,FALSE,TRUE,TRUE,PhD or Doctorate,FALSE,FALSE,FALSE,FALSE,FALSE,FALSE,FALSE,TRUE,FALSE,FALSE,1,FALSE,Very related
8,11,FALSE,TRUE,TRUE,FALSE,PhD or Doctorate,FALSE,FALSE,TRUE,FALSE,FALSE,FALSE,FALSE,FALSE,FALSE,FALSE,1,FALSE,Slightly related
1,42,FALSE,TRUE,TRUE,FALSE,Master's Degree,TRUE,FALSE,FALSE,FALSE,FALSE,FALSE,FALSE,FALSE,FALSE,FALSE,1,TRUE,Moderately related
14,18,FALSE,TRUE,TRUE,TRUE,PhD or Doctorate,FALSE,TRUE,FALSE,FALSE,FALSE,FALSE,FALSE,FALSE,FALSE,FALSE,1,FALSE,Moderately related
8,13,FALSE,FALSE,TRUE,FALSE,PhD or Doctorate,FALSE,FALSE,FALSE,FALSE,TRUE,TRUE,FALSE,FALSE,FALSE,FALSE,2,FALSE,Extremely related
7,9,FALSE,FALSE,TRUE,FALSE,Master's Degree,TRUE,TRUE,FALSE,FALSE,FALSE,FALSE,FALSE,FALSE,FALSE,FALSE,2,TRUE,Very related
12,13,FALSE,FALSE,TRUE,FALSE,Master's Degree,FALSE,TRUE,FALSE,FALSE,FALSE,FALSE,FALSE,FALSE,TRUE,FALSE,2,TRUE,Very related
13,15,FALSE,FALSE,TRUE,FALSE,PhD or Doctorate,FALSE,TRUE,FALSE,FALSE,TRUE,FALSE,FALSE,TRUE,FALSE,FALSE,3,FALSE,Moderately related
7,10,FALSE,FALSE,TRUE,FALSE,Master's Degree,FALSE,FALSE,FALSE,FALSE,FALSE,TRUE,FALSE,FALSE,FALSE,FALSE,1,FALSE,Slightly related
21,21,TRUE,FALSE,FALSE,TRUE,PhD or Doctorate,FALSE,TRUE,FALSE,FALSE,TRUE,FALSE,FALSE,FALSE,FALSE,FALSE,2,FALSE,Extremely related
31,46,FALSE,FALSE,TRUE,TRUE,Master's Degree,FALSE,FALSE,FALSE,FALSE,TRUE,FALSE,FALSE,FALSE,FALSE,FALSE,1,FALSE,Moderately related
52,NA,NA,FALSE,FALSE,NA,Master's Degree,FALSE,FALSE,FALSE,FALSE,FALSE,FALSE,FALSE,TRUE,FALSE,FALSE,1,FALSE,Moderately related
6,15,FALSE,TRUE,TRUE,FALSE,Bachelor's Degree,FALSE,FALSE,TRUE,FALSE,FALSE,FALSE,FALSE,FALSE,FALSE,FALSE,1,FALSE,Moderately related
8,10,FALSE,TRUE,TRUE,FALSE,PhD or Doctorate,FALSE,FALSE,FALSE,FALSE,FALSE,FALSE,FALSE,TRUE,FALSE,FALSE,1,FALSE,Very related
0,0,NA,FALSE,TRUE,FALSE,Bachelor's Degree,FALSE,TRUE,FALSE,FALSE,TRUE,FALSE,FALSE,FALSE,FALSE,FALSE,2,FALSE,Very related
5,10,FALSE,FALSE,TRUE,FALSE,PhD or Doctorate,FALSE,FALSE,FALSE,FALSE,FALSE,FALSE,FALSE,TRUE,FALSE,FALSE,1,FALSE,Moderately related
5,5,TRUE,FALSE,TRUE,FALSE,PhD or Doctorate,FALSE,FALSE,FALSE,FALSE,FALSE,FALSE,FALSE,TRUE,FALSE,FALSE,1,FALSE,Not at all related
25,30,FALSE,FALSE,NA,FALSE,PhD or Doctorate,TRUE,TRUE,TRUE,FALSE,TRUE,TRUE,FALSE,TRUE,FALSE,FALSE,6,TRUE,Extremely related
1,1,TRUE,FALSE,TRUE,FALSE,Bachelor's Degree,FALSE,TRUE,FALSE,TRUE,TRUE,TRUE,FALSE,TRUE,FALSE,FALSE,5,TRUE,Extremely related
12,25,FALSE,TRUE,TRUE,FALSE,No Bachelor's Degree,FALSE,TRUE,FALSE,FALSE,FALSE,FALSE,FALSE,FALSE,FALSE,FALSE,1,FALSE,Moderately related
3,10,FALSE,FALSE,FALSE,TRUE,PhD or Doctorate,FALSE,FALSE,FALSE,FALSE,TRUE,FALSE,FALSE,FALSE,FALSE,FALSE,1,FALSE,Moderately related
22,24,FALSE,FALSE,TRUE,FALSE,No Bachelor's Degree,FALSE,TRUE,FALSE,TRUE,FALSE,FALSE,FALSE,FALSE,FALSE,FALSE,2,TRUE,Very related
7,7,TRUE,FALSE,FALSE,FALSE,PhD or Doctorate,FALSE,FALSE,FALSE,FALSE,TRUE,FALSE,FALSE,FALSE,FALSE,FALSE,1,FALSE,Very related
2,9,FALSE,TRUE,TRUE,FALSE,Bachelor's Degree,FALSE,FALSE,TRUE,FALSE,FALSE,FALSE,FALSE,FALSE,FALSE,FALSE,1,FALSE,Very related
21,21,TRUE,FALSE,FALSE,FALSE,Master's Degree,FALSE,TRUE,FALSE,FALSE,FALSE,FALSE,FALSE,FALSE,TRUE,FALSE,2,TRUE,Extremely related
10,10,TRUE,FALSE,FALSE,FALSE,PhD or Doctorate,FALSE,FALSE,FALSE,FALSE,FALSE,FALSE,FALSE,TRUE,FALSE,FALSE,1,FALSE,Slightly related
30,35,FALSE,FALSE,TRUE,FALSE,PhD or Doctorate,FALSE,TRUE,FALSE,FALSE,FALSE,TRUE,FALSE,FALSE,FALSE,FALSE,2,FALSE,Very related
1,9,FALSE,TRUE,TRUE,FALSE,PhD or Doctorate,FALSE,FALSE,FALSE,FALSE,FALSE,TRUE,FALSE,TRUE,FALSE,FALSE,2,FALSE,Slightly related
2,17,FALSE,FALSE,TRUE,FALSE,Master's Degree,FALSE,TRUE,FALSE,TRUE,FALSE,FALSE,FALSE,FALSE,FALSE,FALSE,2,TRUE,Moderately related
16,17,FALSE,TRUE,TRUE,TRUE,Bachelor's Degree,FALSE,TRUE,FALSE,FALSE,FALSE,FALSE,FALSE,FALSE,FALSE,FALSE,1,FALSE,Extremely related
11,44,FALSE,TRUE,TRUE,FALSE,Master's Degree,FALSE,TRUE,FALSE,FALSE,FALSE,FALSE,FALSE,FALSE,FALSE,FALSE,1,FALSE,Very related
20,21,FALSE,FALSE,TRUE,FALSE,Master's Degree,FALSE,FALSE,TRUE,FALSE,FALSE,FALSE,FALSE,FALSE,FALSE,FALSE,1,FALSE,Very related
5,15,FALSE,FALSE,TRUE,FALSE,Master's Degree,FALSE,TRUE,FALSE,FALSE,FALSE,FALSE,FALSE,FALSE,TRUE,FALSE,2,TRUE,Very related
19,19,TRUE,TRUE,TRUE,FALSE,Bachelor's Degree,FALSE,TRUE,FALSE,FALSE,FALSE,FALSE,FALSE,FALSE,FALSE,FALSE,1,FALSE,Slightly related
1,10,FALSE,TRUE,TRUE,FALSE,No Bachelor's Degree,FALSE,TRUE,FALSE,FALSE,FALSE,FALSE,FALSE,FALSE,FALSE,FALSE,1,FALSE,Extremely related
43,43,TRUE,FALSE,FALSE,TRUE,Master's Degree,FALSE,TRUE,TRUE,FALSE,FALSE,FALSE,FALSE,FALSE,FALSE,FALSE,2,FALSE,Extremely related
3,6,FALSE,FALSE,TRUE,FALSE,Master's Degree,FALSE,TRUE,FALSE,FALSE,FALSE,FALSE,FALSE,FALSE,FALSE,FALSE,1,FALSE,Extremely related
1,15,FALSE,TRUE,TRUE,FALSE,Master's Degree,FALSE,TRUE,FALSE,FALSE,FALSE,FALSE,FALSE,FALSE,FALSE,FALSE,1,FALSE,Slightly related
10,12,FALSE,FALSE,FALSE,TRUE,PhD or Doctorate,FALSE,TRUE,FALSE,FALSE,FALSE,FALSE,FALSE,TRUE,FALSE,FALSE,2,FALSE,Very related
1,29,FALSE,TRUE,TRUE,FALSE,Bachelor's Degree,FALSE,TRUE,FALSE,FALSE,FALSE,FALSE,FALSE,FALSE,FALSE,FALSE,1,FALSE,Very related
6,13,FALSE,TRUE,TRUE,FALSE,Master's Degree,FALSE,FALSE,FALSE,FALSE,TRUE,FALSE,FALSE,FALSE,TRUE,FALSE,2,TRUE,Slightly related
5,12,FALSE,TRUE,TRUE,FALSE,Bachelor's Degree,FALSE,TRUE,TRUE,FALSE,FALSE,FALSE,FALSE,FALSE,FALSE,FALSE,2,FALSE,Slightly related
24,38,FALSE,TRUE,NA,TRUE,PhD or Doctorate,FALSE,TRUE,FALSE,FALSE,FALSE,TRUE,FALSE,TRUE,FALSE,FALSE,3,FALSE,Very related
23,23,TRUE,FALSE,TRUE,FALSE,No Bachelor's Degree,FALSE,TRUE,FALSE,FALSE,FALSE,FALSE,FALSE,FALSE,FALSE,FALSE,1,FALSE,Extremely related
9,22,FALSE,FALSE,TRUE,FALSE,Bachelor's Degree,FALSE,FALSE,FALSE,FALSE,FALSE,FALSE,FALSE,TRUE,FALSE,FALSE,1,FALSE,Not at all related
30,30,TRUE,FALSE,FALSE,FALSE,Master's Degree,FALSE,TRUE,FALSE,FALSE,TRUE,FALSE,FALSE,FALSE,FALSE,FALSE,2,FALSE,Very related
8,8,TRUE,FALSE,NA,FALSE,PhD or Doctorate,FALSE,FALSE,TRUE,FALSE,FALSE,FALSE,FALSE,FALSE,FALSE,FALSE,1,FALSE,Slightly related
1,10,FALSE,TRUE,TRUE,FALSE,Bachelor's Degree,FALSE,TRUE,FALSE,FALSE,FALSE,FALSE,FALSE,FALSE,FALSE,FALSE,1,FALSE,Moderately related
21,30,FALSE,TRUE,TRUE,FALSE,PhD or Doctorate,FALSE,TRUE,FALSE,FALSE,FALSE,TRUE,FALSE,FALSE,FALSE,FALSE,2,FALSE,Moderately related
4,40,FALSE,TRUE,TRUE,FALSE,PhD or Doctorate,FALSE,FALSE,FALSE,TRUE,FALSE,FALSE,FALSE,FALSE,FALSE,FALSE,1,TRUE,Moderately related
5,8,FALSE,FALSE,TRUE,FALSE,PhD or Doctorate,FALSE,FALSE,TRUE,FALSE,FALSE,TRUE,FALSE,FALSE,FALSE,FALSE,2,FALSE,Very related
5,7,FALSE,FALSE,TRUE,TRUE,Master's Degree,FALSE,FALSE,FALSE,FALSE,FALSE,TRUE,FALSE,TRUE,FALSE,FALSE,2,FALSE,Slightly related
38,38,TRUE,TRUE,FALSE,TRUE,Master's Degree,FALSE,TRUE,FALSE,TRUE,TRUE,FALSE,FALSE,FALSE,FALSE,FALSE,3,TRUE,Extremely related
15,17,FALSE,FALSE,TRUE,FALSE,PhD or Doctorate,FALSE,FALSE,TRUE,FALSE,FALSE,FALSE,FALSE,FALSE,FALSE,FALSE,1,FALSE,Slightly related
7,20,FALSE,FALSE,TRUE,FALSE,Master's Degree,FALSE,FALSE,TRUE,FALSE,FALSE,FALSE,FALSE,FALSE,FALSE,FALSE,1,FALSE,Moderately related
1,22,FALSE,FALSE,TRUE,FALSE,Master's Degree,FALSE,TRUE,FALSE,FALSE,TRUE,FALSE,FALSE,FALSE,FALSE,FALSE,2,FALSE,Moderately related
15,15,TRUE,FALSE,FALSE,FALSE,PhD or Doctorate,FALSE,FALSE,FALSE,FALSE,FALSE,FALSE,FALSE,TRUE,FALSE,FALSE,1,FALSE,Very related
4,10,FALSE,TRUE,NA,FALSE,Master's Degree,FALSE,TRUE,FALSE,FALSE,TRUE,FALSE,FALSE,FALSE,FALSE,FALSE,2,FALSE,Moderately related
5,17,FALSE,TRUE,TRUE,FALSE,PhD or Doctorate,FALSE,FALSE,FALSE,FALSE,FALSE,FALSE,FALSE,TRUE,FALSE,FALSE,1,FALSE,Moderately related
21,25,FALSE,TRUE,TRUE,FALSE,Bachelor's Degree,FALSE,FALSE,TRUE,FALSE,FALSE,FALSE,FALSE,FALSE,FALSE,FALSE,1,FALSE,Moderately related
9,29,FALSE,TRUE,TRUE,FALSE,Master's Degree,FALSE,TRUE,TRUE,FALSE,FALSE,FALSE,FALSE,FALSE,TRUE,FALSE,3,TRUE,Very related
2,8,FALSE,TRUE,TRUE,FALSE,Bachelor's Degree,FALSE,TRUE,FALSE,FALSE,FALSE,FALSE,FALSE,FALSE,FALSE,FALSE,1,FALSE,Extremely related
1,1,TRUE,TRUE,FALSE,TRUE,Bachelor's Degree,TRUE,TRUE,FALSE,FALSE,FALSE,FALSE,FALSE,FALSE,FALSE,FALSE,2,TRUE,Moderately related
14,18,FALSE,TRUE,FALSE,TRUE,Master's Degree,FALSE,TRUE,TRUE,FALSE,FALSE,FALSE,FALSE,FALSE,FALSE,FALSE,2,FALSE,Extremely related
1,5,FALSE,TRUE,TRUE,FALSE,PhD or Doctorate,FALSE,FALSE,FALSE,FALSE,TRUE,TRUE,FALSE,FALSE,FALSE,FALSE,2,FALSE,Moderately related
6,NA,NA,FALSE,NA,NA,PhD or Doctorate,FALSE,FALSE,FALSE,FALSE,FALSE,TRUE,FALSE,FALSE,FALSE,FALSE,1,FALSE,Moderately related
16,16,TRUE,FALSE,TRUE,FALSE,Bachelor's Degree,FALSE,TRUE,TRUE,TRUE,FALSE,FALSE,FALSE,FALSE,FALSE,FALSE,3,TRUE,Moderately related
14,14,TRUE,FALSE,TRUE,TRUE,PhD or Doctorate,FALSE,FALSE,FALSE,FALSE,TRUE,FALSE,FALSE,FALSE,FALSE,FALSE,1,FALSE,Very related
5,22,FALSE,TRUE,TRUE,FALSE,No Bachelor's Degree,TRUE,FALSE,FALSE,FALSE,FALSE,FALSE,FALSE,FALSE,FALSE,FALSE,1,TRUE,Moderately related
7,26,FALSE,TRUE,TRUE,FALSE,No Bachelor's Degree,FALSE,TRUE,TRUE,FALSE,FALSE,TRUE,FALSE,FALSE,FALSE,FALSE,3,FALSE,Very related
1,30,FALSE,TRUE,TRUE,FALSE,Master's Degree,FALSE,TRUE,FALSE,FALSE,FALSE,FALSE,FALSE,FALSE,FALSE,FALSE,1,FALSE,Very related
20,20,TRUE,FALSE,TRUE,TRUE,PhD or Doctorate,FALSE,FALSE,FALSE,FALSE,FALSE,FALSE,FALSE,TRUE,FALSE,FALSE,1,FALSE,Extremely related
17,17,TRUE,FALSE,TRUE,FALSE,PhD or Doctorate,FALSE,FALSE,FALSE,FALSE,FALSE,FALSE,FALSE,TRUE,FALSE,FALSE,1,FALSE,Not at all related
1,24,FALSE,TRUE,TRUE,FALSE,Master's Degree,FALSE,TRUE,FALSE,TRUE,FALSE,FALSE,FALSE,FALSE,FALSE,FALSE,2,TRUE,Very related
21,21,TRUE,FALSE,FALSE,FALSE,Master's Degree,FALSE,TRUE,FALSE,FALSE,FALSE,FALSE,FALSE,FALSE,FALSE,FALSE,1,FALSE,Moderately related
4,25,FALSE,TRUE,TRUE,FALSE,PhD or Doctorate,FALSE,TRUE,FALSE,FALSE,FALSE,FALSE,FALSE,TRUE,TRUE,FALSE,3,TRUE,Extremely related
23,33,FALSE,FALSE,TRUE,FALSE,PhD or Doctorate,FALSE,FALSE,FALSE,FALSE,FALSE,FALSE,FALSE,TRUE,FALSE,FALSE,1,FALSE,Very related
3,3,TRUE,FALSE,TRUE,FALSE,PhD or Doctorate,FALSE,FALSE,FALSE,FALSE,FALSE,FALSE,FALSE,FALSE,TRUE,FALSE,1,TRUE,Slightly related
0,3,FALSE,TRUE,TRUE,FALSE,No Bachelor's Degree,FALSE,TRUE,FALSE,FALSE,FALSE,TRUE,FALSE,FALSE,FALSE,FALSE,2,FALSE,Very related
10,22,FALSE,FALSE,FALSE,FALSE,Master's Degree,FALSE,TRUE,FALSE,FALSE,FALSE,FALSE,FALSE,FALSE,FALSE,FALSE,1,FALSE,Very related
8,41,FALSE,TRUE,TRUE,FALSE,Bachelor's Degree,FALSE,FALSE,TRUE,FALSE,FALSE,FALSE,FALSE,FALSE,FALSE,FALSE,1,FALSE,Moderately related
40,45,FALSE,TRUE,FALSE,TRUE,Bachelor's Degree,FALSE,TRUE,FALSE,FALSE,FALSE,FALSE,FALSE,TRUE,FALSE,FALSE,2,FALSE,Moderately related
33,39,FALSE,TRUE,TRUE,TRUE,Master's Degree,FALSE,FALSE,FALSE,FALSE,TRUE,FALSE,FALSE,FALSE,FALSE,FALSE,1,FALSE,Very related
4,4,TRUE,FALSE,TRUE,FALSE,Master's Degree,FALSE,TRUE,FALSE,FALSE,FALSE,FALSE,FALSE,FALSE,FALSE,FALSE,1,FALSE,Extremely related
22,29,FALSE,TRUE,NA,TRUE,Master's Degree,FALSE,TRUE,TRUE,FALSE,FALSE,FALSE,FALSE,FALSE,FALSE,FALSE,2,FALSE,Moderately related
3,21,FALSE,TRUE,TRUE,FALSE,PhD or Doctorate,FALSE,FALSE,FALSE,FALSE,FALSE,FALSE,FALSE,TRUE,FALSE,FALSE,1,FALSE,Moderately related
4,6,FALSE,FALSE,TRUE,FALSE,Bachelor's Degree,FALSE,TRUE,FALSE,TRUE,FALSE,FALSE,FALSE,FALSE,FALSE,FALSE,2,TRUE,Very related
14,20,FALSE,FALSE,TRUE,FALSE,PhD or Doctorate,TRUE,FALSE,FALSE,FALSE,FALSE,FALSE,FALSE,FALSE,FALSE,FALSE,1,TRUE,Moderately related
1,6,FALSE,FALSE,TRUE,FALSE,No Bachelor's Degree,FALSE,FALSE,FALSE,FALSE,FALSE,TRUE,FALSE,FALSE,FALSE,FALSE,1,FALSE,Not at all related
10,16,FALSE,FALSE,TRUE,FALSE,Master's Degree,FALSE,FALSE,FALSE,FALSE,TRUE,FALSE,FALSE,FALSE,FALSE,FALSE,1,FALSE,Moderately related
18,37,FALSE,TRUE,TRUE,FALSE,Master's Degree,FALSE,TRUE,FALSE,FALSE,TRUE,FALSE,FALSE,FALSE,FALSE,FALSE,2,FALSE,Extremely related
20,25,FALSE,TRUE,TRUE,FALSE,Bachelor's Degree,FALSE,TRUE,FALSE,FALSE,TRUE,FALSE,FALSE,FALSE,FALSE,FALSE,2,FALSE,Slightly related
5,5,TRUE,FALSE,TRUE,FALSE,Master's Degree,FALSE,FALSE,FALSE,FALSE,FALSE,FALSE,FALSE,FALSE,TRUE,FALSE,1,TRUE,Moderately related
15,15,TRUE,FALSE,TRUE,FALSE,PhD or Doctorate,FALSE,FALSE,FALSE,FALSE,FALSE,FALSE,FALSE,TRUE,FALSE,FALSE,1,FALSE,Moderately related
6,6,TRUE,FALSE,TRUE,FALSE,Master's Degree,FALSE,TRUE,FALSE,FALSE,FALSE,FALSE,FALSE,FALSE,TRUE,FALSE,2,TRUE,Very related
1,1,TRUE,TRUE,NA,FALSE,Master's Degree,FALSE,TRUE,FALSE,FALSE,FALSE,FALSE,FALSE,FALSE,FALSE,FALSE,1,FALSE,Moderately related
16,38,FALSE,TRUE,TRUE,FALSE,No Bachelor's Degree,FALSE,FALSE,TRUE,FALSE,FALSE,FALSE,FALSE,FALSE,FALSE,FALSE,1,FALSE,Moderately related
1,4,FALSE,FALSE,TRUE,FALSE,PhD or Doctorate,FALSE,TRUE,FALSE,FALSE,FALSE,FALSE,FALSE,TRUE,FALSE,FALSE,2,FALSE,Very related
31,37,FALSE,TRUE,TRUE,FALSE,Bachelor's Degree,TRUE,FALSE,FALSE,FALSE,FALSE,TRUE,FALSE,FALSE,TRUE,FALSE,3,TRUE,Slightly related
17,20,FALSE,TRUE,FALSE,FALSE,PhD or Doctorate,FALSE,TRUE,FALSE,FALSE,FALSE,FALSE,FALSE,TRUE,FALSE,FALSE,2,FALSE,Moderately related
10,18,FALSE,TRUE,TRUE,TRUE,Master's Degree,FALSE,TRUE,FALSE,FALSE,FALSE,FALSE,FALSE,FALSE,FALSE,FALSE,1,FALSE,Extremely related
9,9,TRUE,FALSE,TRUE,FALSE,PhD or Doctorate,FALSE,FALSE,FALSE,FALSE,FALSE,FALSE,FALSE,TRUE,FALSE,FALSE,1,FALSE,Moderately related
8,11,FALSE,FALSE,TRUE,FALSE,PhD or Doctorate,FALSE,TRUE,TRUE,FALSE,FALSE,FALSE,FALSE,FALSE,FALSE,FALSE,2,FALSE,Moderately related
6,25,FALSE,TRUE,TRUE,TRUE,Bachelor's Degree,TRUE,FALSE,FALSE,FALSE,FALSE,FALSE,FALSE,FALSE,FALSE,FALSE,1,TRUE,Not at all related
8,40,FALSE,TRUE,TRUE,FALSE,Master's Degree,FALSE,FALSE,TRUE,FALSE,FALSE,FALSE,FALSE,FALSE,FALSE,FALSE,1,FALSE,Very related
8,21,FALSE,FALSE,TRUE,FALSE,Master's Degree,FALSE,TRUE,FALSE,FALSE,FALSE,FALSE,FALSE,FALSE,TRUE,FALSE,2,TRUE,Very related
1,11,FALSE,FALSE,TRUE,FALSE,Master's Degree,TRUE,TRUE,FALSE,FALSE,FALSE,FALSE,FALSE,FALSE,FALSE,FALSE,2,TRUE,Very related
7,17,FALSE,FALSE,TRUE,FALSE,PhD or Doctorate,FALSE,FALSE,FALSE,FALSE,TRUE,FALSE,FALSE,FALSE,FALSE,FALSE,1,FALSE,Moderately related
10,20,FALSE,TRUE,TRUE,FALSE,Master's Degree,FALSE,TRUE,FALSE,FALSE,FALSE,FALSE,FALSE,FALSE,FALSE,FALSE,1,FALSE,Very related
7,7,TRUE,FALSE,TRUE,FALSE,Bachelor's Degree,FALSE,TRUE,FALSE,FALSE,FALSE,FALSE,FALSE,FALSE,FALSE,FALSE,1,FALSE,Extremely related
14,14,TRUE,FALSE,TRUE,FALSE,Master's Degree,FALSE,FALSE,FALSE,FALSE,FALSE,FALSE,FALSE,FALSE,TRUE,FALSE,1,TRUE,Extremely related
27,27,TRUE,FALSE,TRUE,FALSE,PhD or Doctorate,FALSE,FALSE,FALSE,FALSE,FALSE,FALSE,FALSE,TRUE,FALSE,FALSE,1,FALSE,Extremely related
6,33,FALSE,TRUE,TRUE,FALSE,Master's Degree,FALSE,TRUE,TRUE,FALSE,FALSE,FALSE,FALSE,FALSE,FALSE,FALSE,2,FALSE,Extremely related
0,3,FALSE,TRUE,TRUE,FALSE,Bachelor's Degree,FALSE,TRUE,FALSE,FALSE,FALSE,FALSE,FALSE,FALSE,TRUE,FALSE,2,TRUE,Very related
35,44,FALSE,TRUE,FALSE,TRUE,PhD or Doctorate,FALSE,TRUE,FALSE,FALSE,FALSE,FALSE,FALSE,FALSE,FALSE,FALSE,1,FALSE,Extremely related
15,15,TRUE,FALSE,TRUE,FALSE,Bachelor's Degree,FALSE,TRUE,FALSE,FALSE,FALSE,FALSE,FALSE,FALSE,FALSE,FALSE,1,FALSE,Extremely related
10,12,FALSE,FALSE,TRUE,FALSE,PhD or Doctorate,FALSE,FALSE,FALSE,FALSE,FALSE,FALSE,FALSE,TRUE,FALSE,FALSE,1,FALSE,Very related
19,25,FALSE,TRUE,TRUE,FALSE,Bachelor's Degree,FALSE,FALSE,FALSE,FALSE,FALSE,FALSE,FALSE,FALSE,TRUE,FALSE,1,TRUE,Not at all related
25,40,FALSE,FALSE,TRUE,FALSE,Master's Degree,FALSE,TRUE,FALSE,FALSE,FALSE,TRUE,FALSE,FALSE,FALSE,FALSE,2,FALSE,Slightly related
10,10,TRUE,FALSE,TRUE,FALSE,Master's Degree,FALSE,FALSE,FALSE,FALSE,FALSE,FALSE,FALSE,FALSE,TRUE,FALSE,1,TRUE,Moderately related
5,20,FALSE,FALSE,TRUE,FALSE,Master's Degree,FALSE,TRUE,FALSE,FALSE,FALSE,TRUE,FALSE,FALSE,FALSE,FALSE,2,FALSE,Slightly related
11,30,FALSE,FALSE,TRUE,FALSE,PhD or Doctorate,FALSE,FALSE,FALSE,FALSE,FALSE,FALSE,FALSE,TRUE,FALSE,FALSE,1,FALSE,Slightly related
5,10,FALSE,FALSE,TRUE,FALSE,Master's Degree,FALSE,FALSE,FALSE,FALSE,FALSE,FALSE,FALSE,TRUE,FALSE,FALSE,1,FALSE,Slightly related
16,35,FALSE,TRUE,TRUE,TRUE,No Bachelor's Degree,TRUE,TRUE,FALSE,FALSE,FALSE,FALSE,FALSE,FALSE,FALSE,FALSE,2,TRUE,Very related
20,23,FALSE,TRUE,TRUE,FALSE,Master's Degree,FALSE,TRUE,FALSE,FALSE,FALSE,TRUE,FALSE,FALSE,FALSE,FALSE,2,FALSE,Extremely related
8,41,FALSE,TRUE,TRUE,FALSE,PhD or Doctorate,FALSE,FALSE,FALSE,FALSE,FALSE,FALSE,FALSE,TRUE,FALSE,FALSE,1,FALSE,Moderately related
23,33,FALSE,FALSE,TRUE,FALSE,Master's Degree,FALSE,TRUE,TRUE,FALSE,FALSE,FALSE,FALSE,FALSE,FALSE,FALSE,2,FALSE,Moderately related
12,19,FALSE,TRUE,TRUE,FALSE,Master's Degree,FALSE,TRUE,FALSE,FALSE,FALSE,FALSE,FALSE,FALSE,FALSE,FALSE,1,FALSE,Very related
14,14,TRUE,FALSE,TRUE,FALSE,PhD or Doctorate,FALSE,FALSE,FALSE,FALSE,FALSE,FALSE,FALSE,TRUE,FALSE,FALSE,1,FALSE,Very related
25,30,FALSE,FALSE,TRUE,TRUE,PhD or Doctorate,FALSE,FALSE,FALSE,FALSE,FALSE,FALSE,FALSE,TRUE,FALSE,FALSE,1,FALSE,Moderately related
16,36,FALSE,TRUE,FALSE,FALSE,Bachelor's Degree,FALSE,FALSE,TRUE,FALSE,FALSE,FALSE,FALSE,FALSE,FALSE,FALSE,1,FALSE,Very related
6,6,TRUE,FALSE,TRUE,FALSE,PhD or Doctorate,FALSE,FALSE,FALSE,FALSE,FALSE,FALSE,FALSE,TRUE,FALSE,FALSE,1,FALSE,Not at all related
33,33,TRUE,TRUE,NA,TRUE,PhD or Doctorate,TRUE,TRUE,TRUE,FALSE,TRUE,TRUE,FALSE,FALSE,TRUE,FALSE,6,TRUE,Extremely related
30,35,FALSE,FALSE,TRUE,TRUE,NA,FALSE,FALSE,TRUE,FALSE,FALSE,FALSE,FALSE,FALSE,FALSE,FALSE,1,FALSE,Very related
0,1,FALSE,FALSE,TRUE,FALSE,Bachelor's Degree,TRUE,FALSE,FALSE,FALSE,FALSE,FALSE,FALSE,FALSE,FALSE,FALSE,1,TRUE,Not at all related
3,12,FALSE,TRUE,TRUE,FALSE,PhD or Doctorate,FALSE,FALSE,TRUE,FALSE,FALSE,FALSE,FALSE,TRUE,FALSE,FALSE,2,FALSE,Extremely related
3,6,FALSE,TRUE,FALSE,TRUE,Bachelor's Degree,FALSE,FALSE,FALSE,FALSE,TRUE,FALSE,FALSE,FALSE,FALSE,FALSE,1,FALSE,Moderately related
6,15,FALSE,FALSE,TRUE,FALSE,PhD or Doctorate,FALSE,FALSE,FALSE,FALSE,FALSE,FALSE,FALSE,TRUE,FALSE,FALSE,1,FALSE,Very related
1,5,FALSE,FALSE,TRUE,FALSE,PhD or Doctorate,FALSE,FALSE,FALSE,FALSE,FALSE,FALSE,FALSE,TRUE,FALSE,FALSE,1,FALSE,Very related
15,32,FALSE,TRUE,TRUE,FALSE,Bachelor's Degree,FALSE,FALSE,FALSE,FALSE,FALSE,FALSE,FALSE,FALSE,TRUE,FALSE,1,TRUE,Not at all related
10,10,TRUE,TRUE,TRUE,FALSE,PhD or Doctorate,FALSE,FALSE,FALSE,FALSE,TRUE,FALSE,FALSE,FALSE,FALSE,FALSE,1,FALSE,Extremely related
5,20,FALSE,FALSE,TRUE,FALSE,Bachelor's Degree,FALSE,TRUE,TRUE,FALSE,FALSE,TRUE,FALSE,FALSE,FALSE,FALSE,3,FALSE,Moderately related
14,21,FALSE,TRUE,TRUE,FALSE,Bachelor's Degree,FALSE,TRUE,TRUE,FALSE,FALSE,TRUE,FALSE,FALSE,FALSE,FALSE,3,FALSE,Very related
4,5,FALSE,FALSE,TRUE,FALSE,Master's Degree,FALSE,FALSE,FALSE,FALSE,FALSE,FALSE,TRUE,FALSE,FALSE,FALSE,1,FALSE,Extremely related
5,26,FALSE,TRUE,FALSE,TRUE,Master's Degree,FALSE,TRUE,FALSE,FALSE,FALSE,FALSE,FALSE,FALSE,FALSE,FALSE,1,FALSE,Very related
2,20,FALSE,TRUE,FALSE,FALSE,NA,FALSE,FALSE,TRUE,FALSE,FALSE,FALSE,FALSE,FALSE,FALSE,FALSE,1,FALSE,Moderately related
6,21,FALSE,TRUE,TRUE,FALSE,Bachelor's Degree,FALSE,FALSE,FALSE,TRUE,FALSE,FALSE,FALSE,FALSE,FALSE,FALSE,1,TRUE,Moderately related
12,16,FALSE,TRUE,TRUE,FALSE,Bachelor's Degree,FALSE,TRUE,FALSE,FALSE,FALSE,FALSE,FALSE,FALSE,FALSE,FALSE,1,FALSE,Moderately related
24,39,FALSE,TRUE,TRUE,FALSE,Bachelor's Degree,TRUE,FALSE,FALSE,FALSE,FALSE,FALSE,FALSE,FALSE,FALSE,FALSE,1,TRUE,Not at all related
8,31,FALSE,TRUE,TRUE,FALSE,Master's Degree,FALSE,TRUE,TRUE,FALSE,FALSE,FALSE,FALSE,FALSE,FALSE,TRUE,3,FALSE,Extremely related
8,10,FALSE,FALSE,TRUE,TRUE,PhD or Doctorate,FALSE,FALSE,FALSE,FALSE,TRUE,FALSE,FALSE,FALSE,FALSE,FALSE,1,FALSE,Very related
8,12,FALSE,TRUE,NA,FALSE,PhD or Doctorate,FALSE,FALSE,TRUE,FALSE,FALSE,FALSE,FALSE,FALSE,FALSE,FALSE,1,FALSE,Moderately related
20,20,TRUE,TRUE,FALSE,TRUE,Master's Degree,FALSE,FALSE,TRUE,FALSE,FALSE,FALSE,FALSE,TRUE,FALSE,FALSE,2,FALSE,Moderately related
21,30,FALSE,FALSE,TRUE,FALSE,PhD or Doctorate,FALSE,FALSE,TRUE,FALSE,FALSE,FALSE,FALSE,FALSE,FALSE,FALSE,1,FALSE,Moderately related
20,29,FALSE,TRUE,TRUE,TRUE,Master's Degree,TRUE,TRUE,FALSE,FALSE,FALSE,FALSE,FALSE,FALSE,FALSE,FALSE,2,TRUE,Extremely related
26,28,FALSE,FALSE,TRUE,FALSE,Master's Degree,FALSE,FALSE,FALSE,FALSE,FALSE,TRUE,FALSE,FALSE,FALSE,FALSE,1,FALSE,Very related
1,20,FALSE,TRUE,TRUE,FALSE,Master's Degree,TRUE,FALSE,FALSE,FALSE,FALSE,FALSE,FALSE,FALSE,FALSE,FALSE,1,TRUE,Not at all related
5,14,FALSE,TRUE,TRUE,FALSE,Bachelor's Degree,FALSE,TRUE,FALSE,FALSE,FALSE,FALSE,FALSE,FALSE,FALSE,FALSE,1,FALSE,Moderately related
15,32,FALSE,TRUE,TRUE,FALSE,Master's Degree,FALSE,TRUE,FALSE,FALSE,FALSE,FALSE,FALSE,FALSE,FALSE,FALSE,1,FALSE,Extremely related
5,7,FALSE,FALSE,FALSE,TRUE,Bachelor's Degree,FALSE,TRUE,TRUE,FALSE,FALSE,TRUE,FALSE,FALSE,FALSE,FALSE,3,FALSE,Moderately related
8,8,TRUE,TRUE,TRUE,TRUE,PhD or Doctorate,FALSE,TRUE,FALSE,FALSE,TRUE,FALSE,FALSE,FALSE,FALSE,FALSE,2,FALSE,Moderately related
25,47,FALSE,FALSE,NA,FALSE,No Bachelor's Degree,TRUE,FALSE,FALSE,FALSE,FALSE,FALSE,FALSE,TRUE,FALSE,FALSE,2,TRUE,Moderately related
5,20,FALSE,TRUE,TRUE,FALSE,PhD or Doctorate,FALSE,FALSE,FALSE,FALSE,FALSE,TRUE,FALSE,FALSE,TRUE,FALSE,2,TRUE,Moderately related
3,25,FALSE,TRUE,TRUE,FALSE,PhD or Doctorate,FALSE,FALSE,FALSE,FALSE,FALSE,FALSE,FALSE,FALSE,TRUE,FALSE,1,TRUE,Very related
20,25,FALSE,FALSE,FALSE,TRUE,Bachelor's Degree,FALSE,FALSE,TRUE,FALSE,FALSE,FALSE,FALSE,FALSE,FALSE,FALSE,1,FALSE,Moderately related
15,22,FALSE,TRUE,TRUE,FALSE,PhD or Doctorate,FALSE,TRUE,FALSE,FALSE,FALSE,FALSE,FALSE,FALSE,FALSE,FALSE,1,FALSE,Very related
20,30,FALSE,TRUE,TRUE,FALSE,Master's Degree,FALSE,FALSE,FALSE,FALSE,FALSE,TRUE,FALSE,TRUE,FALSE,FALSE,2,FALSE,Moderately related
5,29,FALSE,TRUE,TRUE,FALSE,PhD or Doctorate,FALSE,TRUE,TRUE,FALSE,TRUE,FALSE,FALSE,FALSE,FALSE,FALSE,3,FALSE,Extremely related
16,29,FALSE,TRUE,TRUE,FALSE,PhD or Doctorate,FALSE,TRUE,FALSE,FALSE,FALSE,FALSE,FALSE,FALSE,FALSE,FALSE,1,FALSE,Extremely related
10,30,FALSE,TRUE,TRUE,FALSE,Bachelor's Degree,FALSE,TRUE,FALSE,FALSE,FALSE,FALSE,FALSE,FALSE,FALSE,FALSE,1,FALSE,Very related
2,8,FALSE,TRUE,TRUE,FALSE,Bachelor's Degree,TRUE,TRUE,FALSE,FALSE,FALSE,FALSE,FALSE,FALSE,FALSE,FALSE,2,TRUE,Extremely related
2,4,FALSE,TRUE,TRUE,FALSE,PhD or Doctorate,FALSE,FALSE,TRUE,FALSE,FALSE,FALSE,FALSE,FALSE,FALSE,FALSE,1,FALSE,Slightly related
35,37,FALSE,FALSE,TRUE,FALSE,Bachelor's Degree,FALSE,FALSE,FALSE,FALSE,FALSE,TRUE,FALSE,FALSE,FALSE,FALSE,1,FALSE,Not at all related
8,25,FALSE,FALSE,TRUE,FALSE,No Bachelor's Degree,FALSE,TRUE,TRUE,FALSE,FALSE,FALSE,FALSE,FALSE,FALSE,FALSE,2,FALSE,Very related
9,9,TRUE,FALSE,TRUE,FALSE,No Bachelor's Degree,FALSE,TRUE,FALSE,FALSE,FALSE,FALSE,FALSE,FALSE,FALSE,FALSE,1,FALSE,Extremely related
34,34,TRUE,FALSE,TRUE,FALSE,PhD or Doctorate,FALSE,FALSE,FALSE,FALSE,FALSE,FALSE,FALSE,TRUE,FALSE,FALSE,1,FALSE,Very related
8,14,FALSE,FALSE,TRUE,FALSE,PhD or Doctorate,FALSE,TRUE,FALSE,FALSE,FALSE,FALSE,FALSE,FALSE,FALSE,FALSE,1,FALSE,Extremely related
25,45,FALSE,FALSE,TRUE,FALSE,PhD or Doctorate,FALSE,TRUE,FALSE,FALSE,FALSE,FALSE,FALSE,FALSE,FALSE,FALSE,1,FALSE,Moderately related
3,9,FALSE,TRUE,TRUE,FALSE,No Bachelor's Degree,FALSE,FALSE,FALSE,FALSE,FALSE,TRUE,FALSE,FALSE,FALSE,FALSE,1,FALSE,Slightly related
6,21,FALSE,TRUE,FALSE,FALSE,Master's Degree,FALSE,TRUE,FALSE,FALSE,FALSE,FALSE,FALSE,FALSE,FALSE,FALSE,1,FALSE,Moderately related
7,10,FALSE,TRUE,TRUE,FALSE,Master's Degree,FALSE,FALSE,TRUE,FALSE,TRUE,FALSE,FALSE,FALSE,FALSE,FALSE,2,FALSE,Moderately related
8,9,FALSE,FALSE,TRUE,FALSE,Bachelor's Degree,FALSE,TRUE,FALSE,FALSE,FALSE,FALSE,FALSE,FALSE,FALSE,FALSE,1,FALSE,Extremely related
7,21,FALSE,TRUE,TRUE,FALSE,Master's Degree,FALSE,TRUE,FALSE,FALSE,FALSE,FALSE,FALSE,FALSE,FALSE,FALSE,1,FALSE,Very related
1,30,FALSE,TRUE,TRUE,FALSE,Master's Degree,FALSE,TRUE,FALSE,FALSE,FALSE,FALSE,FALSE,FALSE,FALSE,FALSE,1,FALSE,Extremely related
27,27,TRUE,FALSE,FALSE,FALSE,PhD or Doctorate,FALSE,FALSE,FALSE,FALSE,TRUE,TRUE,FALSE,FALSE,FALSE,FALSE,2,FALSE,Extremely related
5,10,FALSE,FALSE,TRUE,FALSE,Master's Degree,TRUE,FALSE,FALSE,FALSE,FALSE,FALSE,FALSE,FALSE,FALSE,FALSE,1,TRUE,Not at all related
20,23,FALSE,FALSE,TRUE,FALSE,PhD or Doctorate,FALSE,FALSE,FALSE,FALSE,FALSE,FALSE,FALSE,TRUE,FALSE,FALSE,1,FALSE,Very related
15,15,TRUE,TRUE,TRUE,FALSE,Master's Degree,FALSE,TRUE,FALSE,FALSE,TRUE,FALSE,FALSE,FALSE,FALSE,FALSE,2,FALSE,Extremely related
5,22,FALSE,FALSE,TRUE,FALSE,PhD or Doctorate,FALSE,FALSE,FALSE,FALSE,FALSE,FALSE,FALSE,TRUE,FALSE,FALSE,1,FALSE,Slightly related
6,8,FALSE,TRUE,TRUE,TRUE,PhD or Doctorate,FALSE,TRUE,TRUE,FALSE,FALSE,TRUE,FALSE,TRUE,FALSE,FALSE,4,FALSE,Moderately related
5,10,FALSE,TRUE,FALSE,TRUE,Master's Degree,FALSE,TRUE,TRUE,FALSE,FALSE,FALSE,FALSE,FALSE,FALSE,FALSE,2,FALSE,Extremely related
20,27,FALSE,TRUE,TRUE,FALSE,Bachelor's Degree,FALSE,TRUE,FALSE,FALSE,FALSE,FALSE,FALSE,FALSE,FALSE,FALSE,1,FALSE,Moderately related
2,25,FALSE,FALSE,TRUE,FALSE,PhD or Doctorate,FALSE,FALSE,FALSE,FALSE,FALSE,FALSE,FALSE,TRUE,FALSE,FALSE,1,FALSE,Moderately related
20,28,FALSE,TRUE,TRUE,FALSE,PhD or Doctorate,FALSE,FALSE,TRUE,FALSE,FALSE,FALSE,FALSE,FALSE,FALSE,FALSE,1,FALSE,Slightly related
6,16,FALSE,TRUE,TRUE,FALSE,Master's Degree,FALSE,FALSE,FALSE,FALSE,FALSE,FALSE,FALSE,TRUE,FALSE,FALSE,1,FALSE,Not at all related
20,30,FALSE,FALSE,TRUE,FALSE,PhD or Doctorate,FALSE,FALSE,FALSE,FALSE,FALSE,FALSE,FALSE,FALSE,TRUE,FALSE,1,TRUE,Moderately related
3,14,FALSE,TRUE,TRUE,FALSE,Bachelor's Degree,FALSE,FALSE,FALSE,FALSE,FALSE,TRUE,FALSE,FALSE,FALSE,FALSE,1,FALSE,Moderately related
20,25,FALSE,TRUE,TRUE,TRUE,No Bachelor's Degree,TRUE,FALSE,FALSE,FALSE,FALSE,TRUE,FALSE,FALSE,FALSE,TRUE,3,TRUE,Not at all related
4,10,FALSE,FALSE,TRUE,FALSE,PhD or Doctorate,FALSE,FALSE,TRUE,FALSE,FALSE,FALSE,FALSE,FALSE,FALSE,FALSE,1,FALSE,Slightly related
10,NA,NA,TRUE,NA,NA,Bachelor's Degree,TRUE,FALSE,FALSE,FALSE,FALSE,FALSE,FALSE,FALSE,FALSE,FALSE,1,TRUE,Slightly related
17,17,TRUE,FALSE,TRUE,FALSE,Master's Degree,FALSE,TRUE,FALSE,FALSE,FALSE,TRUE,FALSE,FALSE,FALSE,FALSE,2,FALSE,Very related
10,19,FALSE,TRUE,TRUE,FALSE,PhD or Doctorate,FALSE,FALSE,FALSE,FALSE,FALSE,FALSE,FALSE,TRUE,FALSE,FALSE,1,FALSE,Moderately related
35,50,FALSE,TRUE,NA,FALSE,PhD or Doctorate,FALSE,TRUE,FALSE,FALSE,FALSE,FALSE,FALSE,FALSE,TRUE,FALSE,2,TRUE,Extremely related
15,23,FALSE,TRUE,TRUE,FALSE,PhD or Doctorate,FALSE,FALSE,FALSE,FALSE,FALSE,FALSE,FALSE,FALSE,TRUE,FALSE,1,TRUE,Very related
6,30,FALSE,TRUE,TRUE,FALSE,Master's Degree,FALSE,TRUE,FALSE,FALSE,FALSE,FALSE,FALSE,TRUE,FALSE,FALSE,2,FALSE,Very related
15,15,TRUE,FALSE,TRUE,FALSE,Bachelor's Degree,FALSE,TRUE,TRUE,FALSE,FALSE,FALSE,FALSE,FALSE,FALSE,FALSE,2,FALSE,Moderately related
2,11,FALSE,FALSE,TRUE,FALSE,Bachelor's Degree,FALSE,TRUE,FALSE,FALSE,FALSE,TRUE,FALSE,FALSE,FALSE,FALSE,2,FALSE,Moderately related
6,6,TRUE,FALSE,TRUE,FALSE,Bachelor's Degree,FALSE,FALSE,FALSE,FALSE,FALSE,TRUE,FALSE,FALSE,FALSE,FALSE,1,FALSE,Slightly related
30,35,FALSE,TRUE,FALSE,TRUE,Bachelor's Degree,FALSE,TRUE,TRUE,FALSE,FALSE,FALSE,FALSE,FALSE,FALSE,FALSE,2,FALSE,Extremely related
20,26,FALSE,TRUE,TRUE,FALSE,Master's Degree,FALSE,TRUE,FALSE,TRUE,FALSE,FALSE,FALSE,FALSE,FALSE,FALSE,2,TRUE,Extremely related
2,2,TRUE,FALSE,TRUE,FALSE,PhD or Doctorate,FALSE,FALSE,FALSE,FALSE,FALSE,FALSE,FALSE,TRUE,FALSE,FALSE,1,FALSE,Slightly related
25,28,FALSE,TRUE,FALSE,TRUE,Bachelor's Degree,FALSE,FALSE,FALSE,FALSE,FALSE,FALSE,FALSE,TRUE,FALSE,FALSE,1,FALSE,Not at all related
7,34,FALSE,FALSE,TRUE,FALSE,No Bachelor's Degree,FALSE,FALSE,FALSE,FALSE,FALSE,FALSE,FALSE,FALSE,TRUE,FALSE,1,TRUE,Slightly related
3,3,TRUE,FALSE,TRUE,FALSE,Master's Degree,FALSE,FALSE,TRUE,FALSE,FALSE,FALSE,FALSE,FALSE,FALSE,FALSE,1,FALSE,Slightly related
6,25,FALSE,FALSE,TRUE,FALSE,Bachelor's Degree,FALSE,TRUE,FALSE,FALSE,FALSE,FALSE,FALSE,FALSE,FALSE,FALSE,1,FALSE,Very related
13,25,FALSE,FALSE,TRUE,FALSE,Master's Degree,FALSE,TRUE,FALSE,FALSE,TRUE,FALSE,FALSE,FALSE,FALSE,FALSE,2,FALSE,Extremely related
25,35,FALSE,FALSE,TRUE,FALSE,PhD or Doctorate,FALSE,FALSE,FALSE,FALSE,FALSE,TRUE,FALSE,TRUE,FALSE,FALSE,2,FALSE,Moderately related
4,4,TRUE,FALSE,TRUE,FALSE,Master's Degree,FALSE,FALSE,TRUE,FALSE,FALSE,FALSE,FALSE,FALSE,FALSE,FALSE,1,FALSE,Moderately related
26,28,FALSE,TRUE,FALSE,TRUE,PhD or Doctorate,FALSE,FALSE,FALSE,FALSE,FALSE,TRUE,FALSE,FALSE,FALSE,FALSE,1,FALSE,Moderately related
2,8,FALSE,TRUE,TRUE,FALSE,PhD or Doctorate,FALSE,FALSE,FALSE,TRUE,FALSE,FALSE,FALSE,FALSE,TRUE,FALSE,2,TRUE,Slightly related
2,15,FALSE,FALSE,TRUE,FALSE,Master's Degree,FALSE,TRUE,FALSE,FALSE,FALSE,FALSE,FALSE,FALSE,FALSE,FALSE,1,FALSE,Extremely related
4,4,TRUE,TRUE,NA,TRUE,Bachelor's Degree,FALSE,TRUE,TRUE,FALSE,FALSE,FALSE,FALSE,FALSE,FALSE,FALSE,2,FALSE,Very related
8,12,FALSE,FALSE,TRUE,FALSE,Bachelor's Degree,FALSE,FALSE,FALSE,FALSE,TRUE,FALSE,FALSE,FALSE,FALSE,FALSE,1,FALSE,Extremely related
5,17,FALSE,TRUE,TRUE,FALSE,Master's Degree,FALSE,FALSE,FALSE,FALSE,TRUE,TRUE,FALSE,FALSE,FALSE,FALSE,2,FALSE,Moderately related
